label,seq,mode,run,overrides,ate_rmse,rpe_t_1s,rpe_t_5s,rpe_r_1s_deg,scale,end_drift,coverage,resets,crashed,wall_s
ab_do2,V1_01,monovio,run_00,"dataset_id=""eth""",0.2429256096345723,0.06349992180407475,0.18424936792786992,0.6442718238674143,1.0252848101657313,,0.8914462370600404,1,0,18.1
ab_do2,V1_01,monovio,run_01,"dataset_id=""eth""",0.08364262061972598,0.05755141820635835,0.17455425083576773,0.5900050499856115,1.0100874543731548,,0.9601511511218384,0,0,16.1
ab_do2,V1_02,monovio,run_00,"dataset_id=""eth""",0.20827527424563352,0.07029382362598216,0.17075776405019813,0.4085711547689478,1.0057953883909327,,0.8794616737822453,1,0,10.1
ab_do2,V1_02,monovio,run_01,"dataset_id=""eth""",0.16779385178427503,0.0677970104870723,0.14987974319492905,0.3781623307020837,1.0148992533028554,,0.933879465990149,0,0,12.1
ab_do2,V2_02,monovio,run_00,"dataset_id=""eth""",0.28823300021977233,0.0585870138902948,0.15903454507449777,0.5190858509466807,0.9731347896198644,,0.9544098857351481,0,0,14.1
ab_do2,V2_02,monovio,run_01,"dataset_id=""eth""",0.3624917228161148,0.07117852432972212,0.18757268592102497,0.4913371682485258,0.9482608518456028,,0.9578184932825916,0,0,14.1
ab_do2,room2,monovio,run_00,,0.7682469997681426,0.3554682065374768,0.7250449704514306,0.9237637613600607,0.6506637632610983,,0.9888969759174281,0,0,20.1
ab_do2,room2,monovio,run_01,,0.8143451932018608,0.40951399282415335,0.8471659158853663,1.0217256215877943,0.5954680787392779,,0.9892440734802888,0,0,20.1
ab_final5,V1_01,monovio,run_00,"dataset_id=""eth""",0.1006032514259706,0.05480944950097998,0.17148539733674945,0.5886054323388978,1.0133444702963847,,0.9639299226155865,0,0,16.1
ab_final5,V1_01,monovio,run_01,"dataset_id=""eth""",0.10108038727517048,0.058913291151879744,0.18411156009993723,0.5761138724155709,1.0063707099104449,,0.9639299226155865,0,0,16.1
ab_final5,V1_02,monovio,run_00,"dataset_id=""eth""",0.13218712922749012,0.057963541579579066,0.12941953425324496,0.3408006840869758,1.0217990574339548,,0.8741954384367848,1,0,10.1
ab_final5,V1_02,monovio,run_01,"dataset_id=""eth""",0.14983095624949933,0.06991474499838636,0.16039194278268346,0.38590743247843706,1.0203952404955823,,0.8613224143631991,0,0,10.1
ab_final5,V1_03,monovio,run_00,"dataset_id=""eth""",1.4561324856948072,0.7689636819984269,1.6955337342456465,1.4692938531048558,0.06751429794741093,,0.7732774702174403,6,0,28.1
ab_final5,V1_03,monovio,run_01,"dataset_id=""eth""",1.485962166237673,0.7570192114856401,1.6006590518451065,1.8578512390855682,0.041238723585220204,,0.8538175062367159,1,0,24.1
ab_final5,V2_01,monovio,run_00,"dataset_id=""eth""",0.11772012474700899,0.02270143460735126,0.06271285434945333,0.27380764763712,0.9965145034979614,,0.9530495799206924,0,0,22.1
ab_final5,V2_01,monovio,run_01,"dataset_id=""eth""",0.09679549953051954,0.02142060493358487,0.05584031334036562,0.24768965958270417,0.9967391940802893,,0.9530495799206924,0,0,18.1
ab_final5,V2_02,monovio,run_00,"dataset_id=""eth""",0.5101201108799693,0.09879260993650736,0.2532533885197022,0.5375952514931062,0.9358085956677653,,0.9646357063457908,0,0,22.1
ab_final5,V2_02,monovio,run_01,"dataset_id=""eth""",0.42700566032009174,0.08500853791332572,0.22078666062148913,0.4994112871952901,0.9449732448288711,,0.9514273576865888,0,0,22.1
ab_final5,V2_03,monovio,run_00,"dataset_id=""eth""",2.137428649112965,0.8965177026389206,2.714284324803909,1.1944244164679836,0.012094340977507641,,0.8980728045304831,0,0,28.1
ab_final5,V2_03,monovio,run_01,"dataset_id=""eth""",0.2967439970572471,0.18778882088933374,0.49696429579977114,1.30885650043428,1.024243355797639,,0.1182012861888949,1,0,24.1
ab_final5,room1,monovio,run_00,,0.3109429644807655,0.09145122707650398,0.1916480204990044,0.9466481206649867,0.9254762991358051,,0.977304605563777,0,0,22.1
ab_final5,room1,monovio,run_01,,0.25813972837309623,0.08200427689325933,0.19011206409075887,0.9618742906507911,0.9465147087672052,,0.9780222684222597,0,0,22.1
ab_final5,room2,monovio,run_00,,0.7195015347603481,0.2955123833700665,0.6146216567511288,0.9388119668757636,0.7033309769813715,,0.9892440734802888,0,0,20.1
ab_final5,room2,monovio,run_01,,0.6710295805481868,0.23936419772175868,0.5016745956675783,1.0282207431558545,0.7567352600754825,,0.9888969759174281,0,0,28.1
ab_final5,room3,monovio,run_00,,0.3421914616612373,0.07492907244608842,0.15485651761810215,1.057653039928205,0.9545474952132185,,0.9748213593533096,0,0,44.2
ab_final5,room3,monovio,run_01,,0.34938994798022516,0.09761291136320951,0.22171328825279207,1.0583060255312655,0.9199171319376054,,0.9734029274772826,0,0,50.1
ab_final5,room4,monovio,run_00,,0.21777221414798031,0.06966328035877588,0.1626728444541081,0.8501078602717622,0.9024175778396258,,0.9824837497834632,0,0,18.1
ab_final5,room4,monovio,run_01,,0.22598981025947043,0.07587543063964705,0.18318563232340335,0.828107897579204,0.8873502510987933,,0.9829327862435182,0,0,26.1
ab_final5,room5,monovio,run_00,,0.45130056976895416,0.24547147946888861,0.44545024646462955,1.0987903026022787,0.7258344923011397,,0.9725929934771975,0,0,36.1
ab_final5,room5,monovio,run_01,,0.5267421011987111,0.27851088789065837,0.5099977974465977,1.075607308444479,0.6885471727029377,,0.9732954492355479,0,0,34.1
ab_final5,room6,monovio,run_00,,0.189470104671073,0.0458269846010363,0.14517346566508946,0.7605514383426765,0.9636083811272704,,0.9559775259070561,0,0,18.1
ab_final5,room6,monovio,run_01,,0.21691710863073066,0.04233570299293814,0.13300084438861895,0.7395027769284251,0.9593940021370834,,0.9563570365459622,0,0,18.1
ab_gi2,V1_01,monovio,run_00,"dataset_id=""eth""",0.26694857574022174,0.06494669926003882,0.1862474110148239,0.6385006109581935,1.0179934129071546,,0.9656475437881274,0,0,16.1
ab_gi2,V1_01,monovio,run_01,"dataset_id=""eth""",0.19573275439117593,0.05480812262949098,0.17166503227179644,0.5969065206384832,1.0171095581922551,,0.9608381995908547,0,0,16.1
ab_gi2,V1_02,monovio,run_00,"dataset_id=""eth""",0.27526257615647465,0.07488918739713064,0.18742365232041755,0.3892177910405823,1.005812926024244,,0.8741954384367848,1,0,10.1
ab_gi2,V1_02,monovio,run_01,"dataset_id=""eth""",0.24333618662817807,0.07225448679739889,0.17725233191939238,0.4233473592755542,1.0030290624515756,,0.8777062629304762,1,0,10.1
ab_gi2,V1_03,monovio,run_00,"dataset_id=""eth""",1.3998374883016058,0.7015559224021444,1.6110771875129621,1.477344230894943,0.1966471691761997,,0.8538175062367159,1,0,30.1
ab_gi2,V1_03,monovio,run_01,"dataset_id=""eth""",1.4473737231148853,0.7633443596721442,1.6497617123163113,1.5833813653905158,0.07981663766877264,,0.8538175062367159,2,0,24.2
ab_gi2,V2_01,monovio,run_00,"dataset_id=""eth""",0.07896982617476749,0.019378701361597316,0.05381108549341278,0.20794804076389087,1.005041747813269,,0.9530495799206924,0,0,22.1
ab_gi2,V2_01,monovio,run_01,"dataset_id=""eth""",0.10501249141604921,0.0180350027257047,0.04711452805544847,0.2178624614619131,0.9890714762107756,,0.9530495799206924,0,0,18.1
ab_gi2,V2_02,monovio,run_00,"dataset_id=""eth""",0.5895684564701978,0.11273258968637698,0.2970846818301908,0.583401346684895,0.908840937558101,,0.9637835554747738,0,0,22.1
ab_gi2,V2_02,monovio,run_01,"dataset_id=""eth""",0.5857812506975626,0.13985936967686696,0.3851222303962396,0.562980680719034,0.8637801190548511,,0.9514273576865888,0,0,20.1
ab_gi2,V2_03,monovio,run_00,"dataset_id=""eth""",0.9054983857924912,0.2237143784821458,0.6793754512955821,1.0008075540585841,0.8105637085078744,,0.9734475363021795,0,0,28.1
ab_gi2,V2_03,monovio,run_01,"dataset_id=""eth""",1.5441454786876723,1.012711853111063,2.7299276995338273,6.572722369564699,0.040558250695510105,,0.08993575998764577,1,0,24.1
ab_gi2,room1,monovio,run_00,,0.23266609713361344,0.06326929587911587,0.14844519815679175,0.9704261778401599,0.9605830405179123,,0.943978830141957,1,0,22.1
ab_gi2,room1,monovio,run_01,,0.43120434690250065,0.1864535330896919,0.3537768759001877,0.9412846512040772,0.8205271193640664,,0.9780222684222597,0,0,22.1
ab_gi2,room2,monovio,run_00,,0.880855720317125,0.4863028862379028,1.0039672524542838,0.9701921575813929,0.5225800039003494,,0.9885498700792665,0,0,20.1
ab_gi2,room2,monovio,run_01,,0.8590167449121427,0.45573296926594375,0.9439144962592986,0.9797691558501688,0.5512785640384663,,0.9892440734802888,0,0,30.1
ab_gi2,room3,monovio,run_00,,0.3257535856903008,0.07183367907868121,0.15914144393832017,1.0381385464590451,0.9550560659946561,,0.9758852986611005,0,0,44.2
ab_gi2,room3,monovio,run_01,,0.3738389133274139,0.07766104030366748,0.1578464164423502,1.0639168871645903,0.9529924857545183,,0.9758852986611005,0,0,46.1
ab_gi2,room4,monovio,run_00,,0.18586830603000098,0.04517592982198226,0.10741729449567256,0.8290006510118368,0.951517331232575,,0.9824837497834632,0,0,18.1
ab_gi2,room4,monovio,run_01,,0.18841373708341086,0.06245006806260645,0.15951237126835596,0.8790640585647407,0.9113617172862737,,0.9829327862435182,0,0,26.1
ab_gi2,room5,monovio,run_00,,0.35419093557878534,0.16317605955453868,0.30683186706919613,1.0923675968667947,0.8285340874467708,,0.9743495534009272,0,0,36.1
ab_gi2,room5,monovio,run_01,,0.392925014015081,0.18067540561812742,0.3304823326286398,1.1037756622679773,0.8048029760497498,,0.9715388893118182,0,0,34.1
ab_gi2,room6,monovio,run_00,,0.13078669482375416,0.03471115698926902,0.09989981527201108,0.6972216817183615,0.9845222219444876,,0.9559775259070561,0,0,18.1
ab_gi2,room6,monovio,run_01,,0.19009436486488637,0.035028403677037155,0.11193311393097152,0.7072643685051226,0.9718084212101681,,0.9544594978280062,0,0,16.1
abl_abl_noconv,room1,monovio,run_00,,0.1756092117857945,0.04626620720726911,0.11582650326951768,0.8848255798509438,0.980686322401804,,0.9758861698311752,0,0,18.1
abl_abl_noconv,room1,monovio,run_01,,0.22495293400914002,0.0670697176562956,0.162140460121046,0.9229745959279293,0.9627742103284503,,0.9758861698311752,0,0,18.1
abl_abl_noconv,room1,monovio,run_02,,0.3192818665909167,0.11459216517995989,0.21654091256401717,0.957335306484347,0.8906090602396499,,0.9751769426651532,0,0,18.1
abl_abl_noconv,room1,monovio,run_03,,0.2404447520587524,0.07291053672056275,0.14825699790985036,0.9829341685161609,0.9404134343009598,,0.9397150365259397,0,0,18.1
abl_abl_noconv,room1,monovio,run_04,,0.30659116198656655,0.11220634354855648,0.2177588069099804,0.9781227700189371,0.9015272349085797,,0.9758861698311752,0,0,18.1
abl_final2,room1,monovio,run_00,,0.20744626467545227,0.06787947665569741,0.1577929398651619,0.9721296866826036,0.9549209530913729,,0.9751769426651532,0,0,18.1
abl_final2,room1,monovio,run_01,,0.32459004240853745,0.10347858338467136,0.20185904608821653,0.9579797379541671,0.910757157579353,,0.9308497967113095,0,0,18.1
abl_final2,room1,monovio,run_02,,0.35766028521481535,0.12721280134720883,0.23299037421762958,0.971099075239173,0.8805305126505661,,0.9751769426651532,0,0,18.1
abl_final2,room1,monovio,run_03,,0.36230464863067086,0.14129395837507566,0.26660044210191536,0.877377093248485,0.8726059691183178,,0.9751769426651532,0,0,18.1
abl_final2,room1,monovio,run_04,,0.290835342153436,0.08608434189297964,0.1761497818150334,0.9299938140889373,0.9318288812046904,,0.9751769426651532,0,0,18.1
accint,rs_accinterp,bimonovio,run_00,"dataset_id=""realsense_d455_vio""",139.9656980879326,151.70704683533907,175.62569024219152,,0.002619974823539716,,0.3342225826236566,1,0,12.1
accint,rs_accinterp,bimonovio,run_01,"dataset_id=""realsense_d455_vio""",3.6805822586021693,1.8523336964199377,4.300178740996625,,0.27702973225317906,,0.8938034804587996,0,0,10.1
an_dtfix,room1,bimonovio,run_00,"dataset_id=""tumvi_512_ds_dt2p5ms""",0.22978761641308068,0.017536570907311536,0.05814126018737226,0.7590687966559911,1.0,,0.9819216769846847,0,0,22.1
an_dtfix,room1,bimonovio,run_01,"dataset_id=""tumvi_512_ds_dt2p5ms""",0.19611740436104616,0.017953943433245034,0.05258219838877015,0.7576407814088059,1.0,,0.9815670650925321,0,0,22.1
an_dtfix,room1,bimonovio,run_02,"dataset_id=""tumvi_512_ds_dt2p5ms""",0.20080480775727588,0.01827205804992896,0.054786730126046276,0.7563453020637645,1.0,,0.9801495322783056,0,0,22.1
an_marg,room1,bimono,run_00,marginalization=1,10.505813687741375,13.053155359221318,,21.794659299650604,1.0,,0.017378037108409922,0,0,48.1
an_marg,room1,bimono,run_01,marginalization=1,0.1910266071462145,0.02695960322808427,0.06713308755081317,0.9390328418660947,1.0,,0.9815670650925321,0,0,48.1
an_marg,room1,bimono,run_02,marginalization=1,0.2181089317567325,0.024437990161012484,0.05310967141620028,0.882429059927828,1.0,,0.9819216719121096,0,0,50.1
an_marg,room1,bimonovio,run_00,marginalization=1,0.21273957453602707,0.020778849177137942,0.06658315113785078,0.7890150096986264,1.0,,0.979794920386153,0,0,54.1
an_marg,room1,bimonovio,run_01,marginalization=1,0.1887192200802386,0.020244784830078435,0.0636541683930378,0.7983309235393278,1.0,,0.9812124582729546,0,0,54.1
an_marg,room1,bimonovio,run_02,marginalization=1,0.1760583702172403,0.01977066357058183,0.060320903092910175,0.777087718601279,1.0,,0.9822762821134038,0,0,56.1
an_margdtfix,magistrale2,bimonovio,run_00,"dataset_id=""tumvi_512_ds_dt2p5ms"" marginalization=1",0.05946363234005884,0.017052080198917744,0.043273878685086815,0.6818022955130731,1.0,,0.3253783739621093,1,0,158.1
an_margdtfix,magistrale2,bimonovio,run_01,"dataset_id=""tumvi_512_ds_dt2p5ms"" marginalization=1",0.07232319074581023,0.03225646556082404,0.07082645963860752,0.7129714277254248,1.0,,0.10102053085582675,2,0,176.1
an_margdtfix,magistrale2,bimonovio,run_02,"dataset_id=""tumvi_512_ds_dt2p5ms"" marginalization=1",0.054698571954324204,0.020729634770361726,0.05239786683908818,0.7047907900250626,1.0,,0.7331866860468056,1,0,154.1
an_margdtfix,room1,bimonovio,run_00,"dataset_id=""tumvi_512_ds_dt2p5ms"" marginalization=1",0.07058491234080203,0.01441533411368648,0.031920310098010635,0.6764364738611229,1.0,,0.9815670650925321,0,0,128.1
an_margdtfix,room1,bimonovio,run_01,"dataset_id=""tumvi_512_ds_dt2p5ms"" marginalization=1",0.06510856499815439,0.012599640604571579,0.030130590541672126,0.6544515333485172,1.0,,0.9812124582729546,0,0,96.1
an_margdtfix,room1,bimonovio,run_02,"dataset_id=""tumvi_512_ds_dt2p5ms"" marginalization=1",0.08792737741671947,0.015978685035995092,0.038985954526464715,0.6654917269435537,1.0,,0.9833401144081448,0,0,124.1
an_margsparsetd,room1,bimonovio,run_00,estimate_td=1 marginalization=1 sparsification=1,0.06390223862167181,0.012665381420258063,0.027315458167458725,0.6748628877340775,1.0,,0.9815670650925321,0,0,60.1
an_margsparsetd,room1,bimonovio,run_01,estimate_td=1 marginalization=1 sparsification=1,0.07494286072978885,0.012764817269075851,0.02772804035868774,0.6730910713245067,1.0,,0.9815670650925321,0,0,58.1
an_margsparsetd,room1,bimonovio,run_02,estimate_td=1 marginalization=1 sparsification=1,0.05058309818985853,0.013349955035537313,0.02964822456865012,0.6675907036779535,1.0,,0.9812124582729546,0,0,58.1
an_margtd,magistrale2,bimonovio,run_00,estimate_td=1 marginalization=1,7.939105704628682,0.0160649380029659,0.03979965723595939,0.6773330980413093,1.0,17.458994427683077,0.994264133524143,0,0,264.2
an_margtd,magistrale2,bimonovio,run_01,estimate_td=1 marginalization=1,19.610288281202774,0.02587253465126321,0.060350040320008916,0.6908516908993155,1.0,43.41970453317153,0.9943566473714888,0,0,224.1
an_margtd,magistrale2,bimonovio,run_02,estimate_td=1 marginalization=1,2.1377782040002606,1.5639413560977604,2.3238048944279224,1.171983056688147,1.0,,0.2622829013466362,2,0,176.1
an_margtd,room1,bimonovio,run_00,estimate_td=1 marginalization=1,0.08805524171065195,0.015147777359121739,0.03732614348893384,0.6765302896414888,1.0,,0.979794920386153,0,0,58.1
an_margtd,room1,bimonovio,run_01,estimate_td=1 marginalization=1,0.0651986826643859,0.012959463358823786,0.02848323421539202,0.6580009091173111,1.0,,0.9812124582729546,0,0,56.1
an_margtd,room1,bimonovio,run_02,estimate_td=1 marginalization=1,0.06072332201472365,0.0129880561471954,0.028241359314427072,0.6605174529071406,1.0,,0.9812124582729546,0,0,56.1
an_margtd,room1,monovio,run_00,estimate_td=1 marginalization=1,0.10613262194383243,0.03905927970214656,0.0921915622405271,0.7827486077671026,0.9814082711425774,,0.9460980032406519,0,0,18.1
an_margtd,room1,monovio,run_01,estimate_td=1 marginalization=1,0.24505876896142922,0.06577231017786475,0.14537995638805068,0.7631506668746774,0.9474413563090405,,0.9751769426651532,0,0,18.1
an_margtd,room1,monovio,run_02,estimate_td=1 marginalization=1,0.1724387056630904,0.04206938898193767,0.11952965836151447,0.7571090781510268,0.9812439407586311,,0.9751769426651532,0,0,18.1
an_td,room1,bimonovio,run_00,estimate_td=1,0.1467155041815726,0.016424427740750848,0.046079064965185844,0.7386904012186176,1.0,,0.9801495322783056,0,0,24.1
an_td,room1,bimonovio,run_01,estimate_td=1,0.1721037877666117,0.018005097081208937,0.04885876650314125,0.7690996947051144,1.0,,0.9815670650925321,0,0,24.1
an_td,room1,bimonovio,run_02,estimate_td=1,0.2157373406314932,0.018954352080597373,0.055239262021875436,0.8016673088251893,1.0,,0.9812124582729546,0,0,24.1
asmt,room1,bimono,run_00,,0.13764980179919584,0.023725259931687954,0.05520885691122416,0.8940332001452438,1.0,,0.9829855042068506,0,0,18.1
asmt,room1,bimonovio,run_00,,0.25949072801442735,0.024566376191408213,0.06979404880831258,0.8394717998790506,1.0,,0.9822762821134038,0,0,32.1
asmt,room1,bimonovio,run_01,,0.24885688229551284,0.025139317258196674,0.07488326389782489,0.8939733049528026,1.0,,0.9815670650925321,0,0,32.1
asmt,room1,monovio,run_00,,0.2856300098032487,0.09858775482848565,0.19735592914134442,0.9514846172550662,0.9184947540654507,,0.9780222684222597,0,0,26.1
asmt,room1,monovio,run_01,,0.2155639579931157,0.062340015168878556,0.13889809255985644,0.945578073154325,0.9671278596582554,,0.9780222684222597,0,0,26.1
asmt_margtd,magistrale2,bimonovio,run_00,estimate_td=1 marginalization=1,0.8755899814957647,0.015606588201547282,0.05047485487439268,0.7476285339590328,1.0,1.915795519774706,0.994264133524143,0,0,322.2
asmt_margtd,magistrale2,bimonovio,run_01,estimate_td=1 marginalization=1,2.4338842426303313,0.015121271450650715,0.04548534966955778,0.7204946213537684,1.0,5.361718792931498,0.9943566473714888,0,0,228.1
asmt_margtd,magistrale2,bimonovio,run_02,estimate_td=1 marginalization=1,2.2484370582273114,0.014917450207298075,0.04370519556119654,0.7327737516718705,1.0,4.950286347171644,0.9945416785952563,0,0,232.1
asmt_margtd,room1,bimonovio,run_00,estimate_td=1 marginalization=1,0.09588625186292137,0.013796563149807118,0.03660895240669338,0.6811643439413538,1.0,,0.9819216769846847,0,0,138.1
asmt_margtd,room1,bimonovio,run_01,estimate_td=1 marginalization=1,0.0928815720598877,0.013829274121861563,0.038815827304226,0.6742927782451373,1.0,,0.980857846380802,0,0,130.1
asmt_margtd,room1,bimonovio,run_02,estimate_td=1 marginalization=1,0.05495345459797584,0.013657097353993685,0.035636611535764244,0.6724371738772293,1.0,,0.9812124582729546,0,0,110.1
asmt_mt_margtd,room1,bimonovio,run_00,estimate_td=1 marginalization=1 multithreading=1,0.0727248451529371,0.014060892695677885,0.03870428705566928,0.6647197899381049,1.0,,0.9812124582729546,0,0,98.1
asmt_mt_margtd,room1,bimonovio,run_01,estimate_td=1 marginalization=1 multithreading=1,0.0860477514217482,0.013712512321274357,0.0375917833456794,0.6541840681635303,1.0,,0.9815670650925321,0,0,56.1
baseline,magistrale2,bimono,run_00,,6.5218214320058685,0.04210487165356442,0.10482030805364,1.4394760731435303,1.0,13.984222504546166,0.9951934235144819,0,0,72.1
baseline,magistrale2,bimono,run_01,,6.754604149691236,0.05043981298161383,0.09447967985804558,1.7242527784037545,1.0,14.49803005954526,0.9947294139735754,0,0,70.1
baseline,magistrale2,bimono,run_02,,6.934944259055259,0.04251655483756702,0.09112166037382714,1.3878573320165564,1.0,14.905766248212814,0.9952862249815287,0,0,70.1
baseline,magistrale2,bimonovio,run_00,,0.43098291216004725,0.18633300896508542,0.4003457736656105,3.678500698386797,1.0,,0.1304518899392846,6,0,102.2
baseline,magistrale2,bimonovio,run_01,,0.28339802454936164,0.13875748666371027,0.2507760261770071,3.452947168305153,1.0,,0.10369702097987253,4,0,120.2
baseline,magistrale2,bimonovio,run_02,,8.846736916050906,2.772818449360481,7.569889140519799,6.753588767902053,1.0,,0.3455491166890848,3,0,112.2
baseline,magistrale2,mono,run_00,,0.33568308509636413,0.7073439658200183,,66.00144784449309,0.6583441130561931,,0.005178345241341111,0,0,68.1
baseline,magistrale2,mono,run_01,,0.2040682425462914,0.33706552163718234,,30.417257125602053,1.0771958066663765,,0.005827959922013895,0,0,68.1
baseline,magistrale2,mono,run_02,,0.21727979870260605,0.6059417016326165,,61.39469020525485,0.9051136665599109,,0.004074006018946021,0,0,68.1
baseline,magistrale2,monovio,run_00,,0.9151850792620392,0.7466824041082394,1.588338647283441,6.596561484825236,0.008312407330192093,,0.26107996856106686,0,0,70.1
baseline,magistrale2,monovio,run_01,,0.7652075314405884,0.508750197557147,1.0950222225931812,4.163003514714083,0.3453096903941121,,0.25025924780415604,0,0,70.1
baseline,magistrale2,monovio,run_02,,,,,,,,0.0,0,0,68.1
baseline,room1,bimono,run_00,,0.19556865512848226,0.028659313471934362,0.07250322743207596,1.018556114191105,1.0,,0.9822558413264408,0,0,18.1
baseline,room1,bimono,run_01,,0.26193020500075,0.027410672231698942,0.06269684484938372,1.054424515849715,1.0,,0.9819001286854824,0,0,18.1
baseline,room1,bimono,run_02,,0.19968873942761853,0.02484483880070242,0.05547821075108467,1.002640631531447,1.0,,0.9819001286854824,0,0,18.1
baseline,room1,bimonovio,run_00,,0.6763903381633405,0.10658494061001407,0.22102640056999753,2.4212584552732737,1.0,,0.9787342719777425,0,0,32.2
baseline,room1,bimonovio,run_01,,0.6256077831204445,0.12618087167886585,0.3017953418818883,2.75855492044996,1.0,,0.9808685376783425,0,0,42.1
baseline,room1,bimonovio,run_02,,1.1693549605796125,0.17897639386273534,0.42589749433159935,3.2630621850340638,1.0,,0.9794457023322345,0,0,40.2
baseline,room1,mono,run_00,,0.15361049157399667,0.2023272558079063,0.3375895219141125,12.03134160489006,0.9776055679012324,,0.06488173444925072,0,0,18.1
baseline,room1,mono,run_01,,0.263855671656032,0.2133163255294334,0.2423422080231148,5.6877728608376055,0.7526948192509297,,0.3386396549921158,0,0,18.1
baseline,room1,mono,run_02,,0.14602008631292296,0.21620740963247717,,12.852063635511977,0.8673850906369133,,0.028350181153325237,0,0,18.1
baseline,room1,monovio,run_00,,,,,,,,0.0,0,0,18.1
baseline,room1,monovio,run_01,,0.7391300664741404,0.8289669514365594,1.8727411714844355,5.756454306888276,0.011072032735323452,,0.05175597790214477,0,0,18.1
baseline,room1,monovio,run_02,,,,,,,,0.0,0,0,20.1
brA,magistrale2,bimonovio,run_00,estimate_td=1 marginalization=1,4.646812710921122,0.013508441659275897,0.032338083351793404,0.7143695642603275,1.0,10.191813453202615,0.994264133524143,0,0,408.2
brA,magistrale2,bimonovio,run_01,estimate_td=1 marginalization=1,1.4253624754065173,0.015219615019938204,0.042066084500970914,0.7175699597494645,1.0,3.1505177842319654,0.9947267107012929,0,0,396.2
brA,magistrale2,bimonovio,run_02,estimate_td=1 marginalization=1,1.2649914775306446,0.014900923449427131,0.04106370007332467,0.7720602524767733,1.0,2.7876105134014937,0.9944491638656415,0,0,534.2
brA,magistrale2,bimonovio,run_03,estimate_td=1 marginalization=1,1.306521585574059,0.014642975647054482,0.03938953085473123,0.7665350278039876,1.0,2.838758743798179,0.9945416785952563,0,0,390.2
brA,magistrale2,bimonovio,run_04,estimate_td=1 marginalization=1,4.537465596093438,0.014051438931359149,0.03725238768617563,0.7472045083902187,1.0,9.966676639387943,0.994264133524143,0,0,388.2
brA,magistrale2,bimonovio,run_05,estimate_td=1 marginalization=1,0.7306288795454948,0.014440906374443159,0.04241990535816047,0.7279440112299923,1.0,1.6260234012267005,0.9946341946482746,0,0,368.2
brA,room1,bimonovio,run_00,estimate_td=1 marginalization=1,0.08048103021172494,0.014142184625818288,0.03919467607282954,0.6734820364747027,1.0,,0.9822762821134038,0,0,198.1
brA,room1,bimonovio,run_01,estimate_td=1 marginalization=1,0.07849600058233983,0.013947077541346177,0.039058873490456274,0.6786326413350807,1.0,,0.9815670650925321,0,0,186.1
brB,magistrale2,bimonovio,run_00,estimate_td=1 marginalization=1,1.8401613933999852,0.016547975389588146,0.05869611889123379,0.7642565348848815,1.0,4.037194243962118,0.9946341946482746,0,0,402.2
brB,magistrale2,bimonovio,run_01,estimate_td=1 marginalization=1,1.3215047772419677,0.013945098587393148,0.03837682144953657,0.7707684461274197,1.0,2.903763595327526,0.9945416785952563,0,0,406.2
brB,magistrale2,bimonovio,run_02,estimate_td=1 marginalization=1,2.866907238944219,0.015319357507806596,0.044905444026418495,0.7066860381803154,1.0,6.276491538615005,0.994264133524143,0,0,550.2
brB,room1,bimonovio,run_00,estimate_td=1 marginalization=1,0.08130868098516467,0.01317479094045168,0.03364956799879616,0.6759567137672549,1.0,,0.9822762821134038,0,0,196.1
brB,room1,bimonovio,run_01,estimate_td=1 marginalization=1,0.06103193742968528,0.013206261973284316,0.03594420027088421,0.6632535586172987,1.0,,0.9815670650925321,0,0,168.1
br_margtd,magistrale2,bimonovio,run_00,estimate_td=1 marginalization=1,1.7385917923996554,0.01589805075511812,0.04723137337510837,0.7361156918898624,1.0,3.817325434439139,0.9943566473714888,0,0,196.1
br_margtd,magistrale2,bimonovio,run_01,estimate_td=1 marginalization=1,2.0391309052222755,0.018709819309014202,0.06540707588425614,0.7014366208326561,1.0,4.45200913414007,0.9945416785952563,0,0,176.2
br_margtd,magistrale2,bimonovio,run_02,estimate_td=1 marginalization=1,1.7747140758973228,0.016207060139601014,0.048602801439673333,0.7275054747568853,1.0,3.8963078743690955,0.994264133524143,0,0,166.1
br_margtd,room1,bimonovio,run_00,estimate_td=1 marginalization=1,0.06910427563666362,0.013501099314901552,0.03788245041960931,0.6515269909359269,1.0,,0.9815670650925321,0,0,64.1
br_margtd,room1,bimonovio,run_01,estimate_td=1 marginalization=1,0.06904911420084635,0.013569248420409425,0.03562227221990669,0.6717557011155809,1.0,,0.9819216769846847,0,0,66.1
br_margtd,room1,bimonovio,run_02,estimate_td=1 marginalization=1,0.08396508132998608,0.014148626479523524,0.03984715145664007,0.6989817664214611,1.0,,0.9812124582729546,0,0,70.1
cd_marg,room1,bimonovio,run_00,marginalization=1,0.21073633533749878,0.0217324287432695,0.07029137676648596,0.8714577360348517,1.0,,0.9812124582729546,0,0,68.1
cd_marg,room1,bimonovio,run_01,marginalization=1,0.21562035728618384,0.020299004813447485,0.06734108334060454,0.8023969540995781,1.0,,0.9822762821134038,0,0,52.1
cd_marg,room1,bimonovio,run_02,marginalization=1,0.21470357856151784,0.019977110047689827,0.0671802269591041,0.7924000479849929,1.0,,0.9812124582729546,0,0,54.1
cd_margdtfix,magistrale2,bimonovio,run_00,"dataset_id=""tumvi_512_ds_dt2p5ms"" marginalization=1",2.1256255323481983,0.013582944738797016,0.03775484424848081,0.7408181484528785,1.0,4.6882870503572605,0.9946341946482746,0,0,168.1
cd_margdtfix,magistrale2,bimonovio,run_01,"dataset_id=""tumvi_512_ds_dt2p5ms"" marginalization=1",2.2373577929912623,0.013957978208848594,0.03683256103515264,0.7376885930485582,1.0,4.89327936444351,0.994264133524143,0,0,168.2
cd_margdtfix,magistrale2,bimonovio,run_02,"dataset_id=""tumvi_512_ds_dt2p5ms"" marginalization=1",2.3626651882294505,0.015289713088823256,0.04966147960911375,0.7403357786685155,1.0,5.20501890345108,0.9945416785952563,0,0,172.1
cd_margsparsetd,room1,bimonovio,run_00,estimate_td=1 marginalization=1 sparsification=1,0.05623590265295345,0.012434340405058034,0.02710198417644697,0.701447939454259,1.0,,0.9815670650925321,0,0,60.1
cd_margsparsetd,room1,bimonovio,run_01,estimate_td=1 marginalization=1 sparsification=1,0.058319568419052746,0.012214479429598343,0.027573072897761442,0.6614956056687176,1.0,,0.9812124582729546,0,0,60.1
cd_margsparsetd,room1,bimonovio,run_02,estimate_td=1 marginalization=1 sparsification=1,0.05161366392812654,0.01184495617791092,0.026752291151312366,0.6583402732825162,1.0,,0.9819216769846847,0,0,60.1
cd_margtd,magistrale2,bimonovio,run_00,estimate_td=1 marginalization=1,1.6048477429861734,0.014482578604197362,0.039578544151860205,0.760438389428878,1.0,3.503458178498784,0.9943566473714888,0,0,166.1
cd_margtd,magistrale2,bimonovio,run_01,estimate_td=1 marginalization=1,1.2401875032597152,0.01792093285787306,0.059999148824251045,0.708087961863642,1.0,2.716448509062268,0.9944491638656415,0,0,178.1
cd_margtd,magistrale2,bimonovio,run_02,estimate_td=1 marginalization=1,1.5768702691603314,0.013846695955250172,0.039138239169136196,0.7768647592141187,1.0,3.4603977303706994,0.9945416785952563,0,0,192.1
cd_margtd,room1,bimonovio,run_00,estimate_td=1 marginalization=1,0.0678381771924422,0.013295006867542166,0.03649219726571087,0.6340030000071278,1.0,,0.9801495322783056,0,0,56.1
cd_margtd,room1,bimonovio,run_01,estimate_td=1 marginalization=1,0.07445227457713735,0.013545629214925616,0.03689082457792735,0.6548149552819978,1.0,,0.9819216769846847,0,0,62.1
cd_margtd,room1,bimonovio,run_02,estimate_td=1 marginalization=1,0.06579322424128026,0.013821670211643803,0.03648372115421078,0.6982624631685871,1.0,,0.9812124582729546,0,0,58.1
cd_margtd,room1,monovio,run_00,estimate_td=1 marginalization=1,0.20738341253782647,0.0662608166071847,0.14104240373341714,0.8068200019100582,0.9473853559718771,,0.9751769426651532,0,0,18.1
cd_margtd,room1,monovio,run_01,estimate_td=1 marginalization=1,0.19806960273612503,0.05384893071786175,0.12202306184645342,0.802082232114605,0.9566898691981987,,0.9751769426651532,0,0,18.1
cd_margtd,room1,monovio,run_02,estimate_td=1 marginalization=1,0.17544983766536626,0.037044071576583404,0.09329534768995468,0.7437699386031749,0.9796097004191836,,0.9751769426651532,0,0,18.1
do_default,V2_03,bimonovio,run_00,"dataset_id=""eth""",1.0734535447974358,0.08139972010806551,0.28302628501121035,0.858603402769941,1.0,,0.9743040665328292,0,0,22.1
do_sadvio,V2_03,bimonovio,run_00,"dataset_id=""eth"" marginalization=1 sparsification=1",0.14717716749922496,0.0280668973532805,0.07750671990545965,0.29088102733087184,1.0,,0.9743040665328292,0,0,56.1
do_sadvio,V2_03,bimonovio,run_01,"dataset_id=""eth"" marginalization=1 sparsification=1",0.19095997339828846,0.02804640315502737,0.08455470998461531,0.27635875903208856,1.0,,0.9743040665328292,0,0,62.1
do_viomarg,V2_03,bimonovio,run_00,"dataset_id=""eth"" marginalization=1",0.1873807694042491,0.02876503697990782,0.08554253043312031,0.3140196501712265,1.0,,0.9743040665328292,0,0,64.1
do_viomargtd,magistrale2,bimonovio,run_00,estimate_td=1 marginalization=1,2.0859227098128437,0.015907792595113393,0.050555695371493875,0.7196544834928548,1.0,4.5491031941752,0.9944491638656415,0,0,282.1
do_viomargtd,magistrale2,bimonovio,run_01,estimate_td=1 marginalization=1,1.9050524425188213,0.015444745919380583,0.045560321243187846,0.7404984157702119,1.0,4.162350799674722,0.9943566473714888,0,0,214.1
e_viomargtd,magistrale2,bimonovio,run_00,estimate_td=1 marginalization=1,4.070325833800336,0.014385643169050421,0.039536096434176174,0.7623780154905212,1.0,8.913445455924581,0.9945416785952563,0,0,374.2
e_viomargtd,magistrale2,bimonovio,run_01,estimate_td=1 marginalization=1,1.435815373138319,0.018254405639610595,0.0637991573052092,0.7091639141606829,1.0,3.1768211492003755,0.9943566473714888,0,0,242.1
e_viomargtd,room1,bimonovio,run_00,estimate_td=1 marginalization=1,0.07373828954582252,0.013153554277988424,0.03502771154665881,0.6781090806946786,1.0,,0.9829855025159921,0,0,146.2
e_viomargtd,room1,bimonovio,run_01,estimate_td=1 marginalization=1,0.07802145275924476,0.013755698059390316,0.03589007346944411,0.6796779342492257,1.0,,0.979794920386153,0,0,144.1
e_viomargtd,room1,monovio,run_00,estimate_td=1 marginalization=1,0.14826885701454745,0.03712781951607139,0.07702904718653515,1.154204501164507,0.9728051786531831,,0.9780222684222597,0,0,26.1
e_viomargtd,room1,monovio,run_01,estimate_td=1 marginalization=1,0.14032745765151305,0.03320033074189245,0.07584519082716468,1.1676615043504939,0.9821433275879372,,0.9780222684222597,0,0,42.1
e_vomarg,magistrale2,bimono,run_00,marginalization=1,6.235470220336269,0.037510003796783035,0.08151888481142658,1.4078859154184067,1.0,13.30338698342915,0.9951893081706303,0,0,348.2
e_vomarg,magistrale2,bimono,run_01,marginalization=1,7.6460264692896835,0.038766393388632546,0.08654662638037869,1.5140153314324167,1.0,16.31193810197605,0.9951893081706303,0,0,292.2
e_vomarg,room1,bimono,run_00,marginalization=1,0.11921257344237816,0.024082290128189444,0.056816894281201076,0.8967431074371114,1.0,,0.9819216719121096,0,0,130.2
e_vomarg,room1,bimono,run_01,marginalization=1,0.1659496643865111,0.02859092107065934,0.06170130615687627,0.9598515006602821,1.0,,0.9819216719121096,0,0,158.2
e_vomarg,room1,bimono,run_02,marginalization=1,0.21291753437838026,0.02775149468706086,0.06469317512878973,0.9759142022542197,1.0,,0.9808587442266021,0,0,114.1
e_vomarg,room1,mono,run_00,marginalization=1,0.34777237273012285,0.26988164632227885,0.4936038566315958,5.327979183998761,0.37991822078291904,,0.7925507191486157,1,0,18.1
e_vomarg,room1,mono,run_01,marginalization=1,0.7772141618626442,0.681429744304815,1.0851929810093686,5.432748825990707,0.21320497591069382,,0.7925507191486157,1,0,18.1
e_vomargsp,room1,bimono,run_00,marginalization=1 sparsification=1,0.1455369416469448,0.02755250631414008,0.06301606102219146,0.9879655180264144,1.0,,0.9819216719121096,0,0,134.1
e_vomargsp,room1,bimono,run_01,marginalization=1 sparsification=1,0.18138313356212568,0.024236472704108634,0.056552426074171054,0.9257634288981315,1.0,,0.9819216719121096,0,0,84.1
eu_default,MH_01,bimono,run_00,"dataset_id=""eth""",0.04632444707198682,0.015800261641804418,0.04342261382173727,0.12609420968339022,1.0,,0.9896767190442686,0,0,18.1
eu_default,MH_01,bimonovio,run_00,"dataset_id=""eth""",0.05820724656762812,0.0133570436189277,0.03940667969060912,0.10285781298201892,1.0,,0.987775062401092,0,0,18.1
eu_default,MH_02,bimono,run_00,"dataset_id=""eth""",0.06600531332598028,0.01327538204560204,0.02984273884685979,0.20031515637191813,1.0,,0.9799276065482586,0,0,14.1
eu_default,MH_02,bimonovio,run_00,"dataset_id=""eth""",0.31477564899954075,0.0379039647835983,0.10515837588657115,0.22038430213374866,1.0,,0.9766370504504728,0,0,20.1
eu_default,MH_03,bimono,run_00,"dataset_id=""eth""",0.17071290979578804,0.046624142152647145,0.1426532767462852,0.28535546814346596,1.0,,0.9551685813250941,0,0,14.1
eu_default,MH_03,bimonovio,run_00,"dataset_id=""eth""",0.14949144326064384,0.04136088518258093,0.114812466200388,0.14635421792921283,1.0,,0.9677658381510625,0,0,14.1
eu_default,MH_04,bimono,run_00,"dataset_id=""eth""",0.15435123955501842,0.06649808352170192,0.16257244337000332,0.39648904942602287,1.0,,0.9586614191613436,0,0,10.1
eu_default,MH_04,bimonovio,run_00,"dataset_id=""eth""",0.21321618700632408,0.045197984640760455,0.13155443131123715,0.15392353395798122,1.0,,0.957185040268546,0,0,10.1
eu_default,MH_05,bimono,run_00,"dataset_id=""eth""",0.14421799284498454,0.044733606609453413,0.09780844296942516,0.3133951599406413,1.0,,0.9863556342397496,0,0,10.1
eu_default,MH_05,bimonovio,run_00,"dataset_id=""eth""",0.12655183310132395,0.034489061288709905,0.08710026095518991,0.1315655317610172,1.0,,0.9639084494904206,0,0,12.1
eu_default,V1_01,bimono,run_00,"dataset_id=""eth""",0.06912653815905259,0.05555375553953581,0.18503544835310995,0.6173649970173833,1.0,,0.9378220545841212,0,0,22.1
eu_default,V1_01,bimonovio,run_00,"dataset_id=""eth""",0.05010505856034694,0.05272425979763011,0.17120699143309334,0.5720409802025435,1.0,,0.951219512834362,0,0,22.2
eu_default,V1_01,mono,run_00,"dataset_id=""eth""",0.34432178130626556,0.10973654008303303,0.3559428306716206,0.6945314767457663,0.5541421910000036,,0.9323256602797794,0,0,20.1
eu_default,V1_01,monovio,run_00,"dataset_id=""eth""",0.17053539821231006,0.05421621275096107,0.1725718833535951,0.591034739569857,1.0178075504163326,,0.964273445212042,0,0,26.1
eu_default,V1_02,bimono,run_00,"dataset_id=""eth""",0.10291884198752152,0.04535045591394169,0.0982234419675877,0.4928528331951689,1.0,,0.9596255141373206,0,0,18.1
eu_default,V1_02,bimonovio,run_00,"dataset_id=""eth""",0.07727726250081283,0.0389413061975904,0.09585346882414454,0.2864688101076253,1.0,,0.9508484542981689,0,0,28.1
eu_default,V1_02,mono,run_00,"dataset_id=""eth""",1.2630474307030022,0.9862360266160676,1.5466991349962347,1.6166098663454462,1.4971949528106103,,0.803393797661604,1,0,12.2
eu_default,V1_02,monovio,run_00,"dataset_id=""eth""",0.1907339721850312,0.06623203535552183,0.14162553516014792,0.3782189424816216,1.0139293171496988,,0.933879465990149,0,0,20.1
eu_default,V1_03,bimono,run_00,"dataset_id=""eth""",0.3464672145543232,0.10306772436223322,0.23608323295400183,1.7119504406324688,1.0,,0.9688081922950357,0,0,32.4
eu_default,V1_03,bimonovio,run_00,"dataset_id=""eth""",0.3188426685152796,0.04808724291833843,0.13286323258269098,0.507288174269736,1.0,,0.9688081967348602,0,0,44.1
eu_default,V1_03,mono,run_00,"dataset_id=""eth""",0.011793713803379154,,,,2.1678362002207265,,0.008845435852239167,11,0,26.2
eu_default,V1_03,monovio,run_00,"dataset_id=""eth""",1.189135818100084,0.6357256007105841,1.333375658624895,0.9444290184734535,0.3268297995678384,,0.850093110557943,2,0,38.1
eu_default,V2_01,bimono,run_00,"dataset_id=""eth""",0.06363609904238189,0.01622493176791929,0.035804495846845905,0.3994207560722191,1.0,,0.9526107934900458,0,0,14.1
eu_default,V2_01,bimonovio,run_00,"dataset_id=""eth""",0.044600323279601346,0.009636490980432556,0.027871921539717858,0.18737021173411456,1.0,,0.954365945489558,0,0,10.1
eu_default,V2_01,mono,run_00,"dataset_id=""eth""",,,,,,,0.0,1,0,14.1
eu_default,V2_01,monovio,run_00,"dataset_id=""eth""",0.08098510990996423,0.019092922297720326,0.04793297863556448,0.2562775246934226,0.9973280136063916,,0.9530495799206924,0,0,10.1
eu_default,V2_02,bimono,run_00,"dataset_id=""eth""",0.12552266577396415,0.03015427553284116,0.07176190463697614,0.5458696182980936,1.0,,0.9706007665062851,0,0,12.1
eu_default,V2_02,bimonovio,run_00,"dataset_id=""eth""",0.20798885217519328,0.0335040286335984,0.09556966594344445,0.3874060123879577,1.0,,0.9710268460051694,0,0,18.1
eu_default,V2_02,mono,run_00,"dataset_id=""eth""",2.003773270486418,0.7624771240331094,2.223041116860457,1.3600620288180838,0.5710116260140624,,0.9480187460757693,0,0,10.1
eu_default,V2_02,monovio,run_00,"dataset_id=""eth""",0.4769158220318159,0.0878754320131829,0.2383025723183231,0.5691708732947158,0.9374898465679177,,0.9646357063457908,0,0,14.1
eu_default,V2_03,bimono,run_00,"dataset_id=""eth""",0.1626895198447064,0.17987522382035842,0.5306905682729474,3.8476526617900815,1.0,,0.04967880034665469,17,0,14.1
eu_default,V2_03,bimonovio,run_00,"dataset_id=""eth""",0.12339958145602951,0.054301323985531225,0.14061351252005633,0.5889796325133612,1.0,,0.33147751374933393,1,0,18.1
eu_default,V2_03,mono,run_00,"dataset_id=""eth""",0.2889031223384844,0.4505359969425789,,15.226284919154653,3.808610714562703,,0.04111348987164081,13,0,10.1
eu_default,V2_03,monovio,run_00,"dataset_id=""eth""",0.19510102520417616,0.11308232694955399,0.31303376399748145,0.6478014848368593,0.9815061266571373,,0.24796573866007773,2,0,14.1
eu_sadvio,MH_01,bimonovio,run_00,"dataset_id=""eth"" marginalization=1 sparsification=1",0.07933979980138356,0.013500986619102734,0.040305692423789403,0.41114622741434165,1.0,,0.9915783769828462,0,0,84.1
eu_sadvio,MH_01,bimonovio,run_01,"dataset_id=""eth"" marginalization=1 sparsification=1",0.07712510139607687,0.013103043749741186,0.03856585879464939,0.12224090579303712,1.0,,0.9880467287461754,0,0,74.1
eu_sadvio,MH_02,bimonovio,run_00,"dataset_id=""eth"" marginalization=1 sparsification=1",0.09122144701546057,0.012157286178494,0.03462387262812968,0.456180847562375,1.0,,0.9766370504504728,0,0,74.1
eu_sadvio,MH_02,bimonovio,run_01,"dataset_id=""eth"" marginalization=1 sparsification=1",0.04881662975758373,0.011642930039907831,0.026548684175307116,0.142471228800167,1.0,,0.974662717105613,0,0,48.1
eu_sadvio,MH_03,bimonovio,run_00,"dataset_id=""eth"" marginalization=1 sparsification=1",0.19537130725640464,0.0402204483452048,0.10943354819126926,0.20325792171757556,1.0,,0.9677658381510625,0,0,88.2
eu_sadvio,MH_03,bimonovio,run_01,"dataset_id=""eth"" marginalization=1 sparsification=1",0.21355776272677543,0.039414194885232255,0.10654201428065112,0.15375025842834825,1.0,,0.970729899619948,0,0,78.1
eu_sadvio,MH_04,bimonovio,run_00,"dataset_id=""eth"" marginalization=1 sparsification=1",0.20752486010297663,0.04145233953536564,0.12738613764023168,0.3319092271870764,1.0,,0.9694881898863937,0,0,20.1
eu_sadvio,MH_04,bimonovio,run_01,"dataset_id=""eth"" marginalization=1 sparsification=1",0.287925905857701,0.052391731014066065,0.1627186530617587,0.32944008857083634,1.0,,0.9680118133402357,0,0,26.1
eu_sadvio,MH_05,bimonovio,run_00,"dataset_id=""eth"" marginalization=1 sparsification=1",0.20945742256453664,0.04872459139054517,0.1621997613965878,0.30808989688287686,1.0,,0.9612676048430747,0,0,26.1
eu_sadvio,MH_05,bimonovio,run_01,"dataset_id=""eth"" marginalization=1 sparsification=1",0.14924601603656348,0.02926963959566215,0.07080431216355552,0.34621497933483053,1.0,,0.967429574987297,0,0,22.1
eu_sadvio,V1_01,bimonovio,run_00,"dataset_id=""eth"" marginalization=1 sparsification=1",0.09100253273498025,0.05358792303290947,0.17282477137259258,0.5778040076468923,1.0,,0.956028855393582,0,0,74.1
eu_sadvio,V1_01,bimonovio,run_01,"dataset_id=""eth"" marginalization=1 sparsification=1",0.05096633856018799,0.05236140741222627,0.1720999406271458,0.5697192304118116,1.0,,0.9653040195536192,0,0,58.1
eu_sadvio,V1_02,bimonovio,run_00,"dataset_id=""eth"" marginalization=1 sparsification=1",0.04463554165999989,0.03994197514919983,0.09657028007887691,0.2049062569085447,1.0,,0.9555295554831926,0,0,82.1
eu_sadvio,V1_02,bimonovio,run_01,"dataset_id=""eth"" marginalization=1 sparsification=1",0.039758217680075134,0.03952720328765004,0.09340269241647522,0.20376692661281506,1.0,,0.9531890048906807,0,0,66.1
eu_sadvio,V1_03,bimonovio,run_00,"dataset_id=""eth"" marginalization=1 sparsification=1",0.12073333606452359,0.03591889943679825,0.10591101359058328,0.4207180762997422,1.0,,0.9692737456397288,0,0,96.2
eu_sadvio,V1_03,bimonovio,run_01,"dataset_id=""eth"" marginalization=1 sparsification=1",0.1344669579143679,0.037371331440525395,0.0981635947469976,0.5229201639066026,1.0,,0.9692737456397288,0,0,82.1
eu_sadvio,V2_01,bimonovio,run_00,"dataset_id=""eth"" marginalization=1 sparsification=1",0.03511335893423845,0.0091497066168411,0.025202007561219354,0.17245516690727403,1.0,,0.954365945489558,0,0,76.1
eu_sadvio,V2_01,bimonovio,run_01,"dataset_id=""eth"" marginalization=1 sparsification=1",0.04658988498999436,0.009536026186716543,0.025562909802751246,0.17074703813903683,1.0,,0.954365945489558,0,0,82.2
eu_sadvio,V2_02,bimonovio,run_00,"dataset_id=""eth"" marginalization=1 sparsification=1",0.07431763399162139,0.017113599845971543,0.04585202834130756,0.32254988515083743,1.0,,0.9710268460051694,0,0,162.1
eu_sadvio,V2_02,bimonovio,run_01,"dataset_id=""eth"" marginalization=1 sparsification=1",0.03969270242946527,0.015993352107656306,0.0410697880479923,0.3292521081480633,1.0,,0.9714529194089899,0,0,156.1
eu_sadvio,V2_03,bimonovio,run_00,"dataset_id=""eth"" marginalization=1 sparsification=1",0.06584602164165512,0.026737183366620447,0.06756060861843685,0.45345296757820186,1.0,,0.33147751374933393,1,0,114.1
eu_sadvio,V2_03,bimonovio,run_01,"dataset_id=""eth"" marginalization=1 sparsification=1",0.06275622727335652,0.025775277845302064,0.06283637886015339,0.44866926020194153,1.0,,0.33147751374933393,1,0,74.1
eu_sadvo,MH_01,bimono,run_00,"dataset_id=""eth"" marginalization=1 sparsification=1",0.09761991039120005,0.017118505393988407,0.05145147433428285,0.15523983652114087,1.0,,0.9891333876495031,0,0,52.2
eu_sadvo,MH_01,bimono,run_01,"dataset_id=""eth"" marginalization=1 sparsification=1",0.08132130129548816,0.018444326880596808,0.05273173937448767,0.15700484515651505,1.0,,0.9883183925004565,0,0,38.3
eu_sadvo,MH_02,bimono,run_00,"dataset_id=""eth"" marginalization=1 sparsification=1",0.04478499890876672,0.012772396607195322,0.03521819515336942,0.16359244749552312,1.0,,0.9789404406603585,0,0,30.2
eu_sadvo,MH_02,bimono,run_01,"dataset_id=""eth"" marginalization=1 sparsification=1",0.0657879721906239,0.01291962639551776,0.03308625948392512,0.2055475100747828,1.0,,0.9799276065482586,0,0,52.3
eu_sadvo,MH_03,bimono,run_00,"dataset_id=""eth"" marginalization=1 sparsification=1",0.09038676114958025,0.042250798989166435,0.11235639245004697,0.2509550226790279,1.0,,0.9640607639650326,0,0,64.1
eu_sadvo,MH_03,bimono,run_01,"dataset_id=""eth"" marginalization=1 sparsification=1",0.14737791612652731,0.043418723857285464,0.11471626692257991,0.26669869087161213,1.0,,0.9536865505906513,0,0,50.2
eu_sadvo,MH_04,bimono,run_00,"dataset_id=""eth"" marginalization=1 sparsification=1",0.39668355720584053,0.05808677486557677,0.15214224176932029,0.3768104956840153,1.0,,0.952263780421407,0,0,26.2
eu_sadvo,MH_04,bimono,run_01,"dataset_id=""eth"" marginalization=1 sparsification=1",0.44442541248226497,0.08090210630546944,0.2022321785718657,0.5157742125958977,1.0,,0.9616141746002991,0,0,24.2
eu_sadvo,MH_05,bimono,run_00,"dataset_id=""eth"" marginalization=1 sparsification=1",0.20026355680779073,0.037806079961452466,0.1010941742072057,0.23227878738655156,1.0,,0.9863556342397496,0,0,20.2
eu_sadvo,MH_05,bimono,run_01,"dataset_id=""eth"" marginalization=1 sparsification=1",0.23513067937047746,0.03768396274808918,0.0902122605459967,0.23783190072914295,1.0,,0.9863556342397496,0,0,22.2
eu_sadvo,V1_01,bimono,run_00,"dataset_id=""eth"" marginalization=1 sparsification=1",0.08965202603224624,0.05809971415195588,0.18456291594780763,0.7021218164917287,1.0,,0.948127791447683,0,0,46.2
eu_sadvo,V1_01,bimono,run_01,"dataset_id=""eth"" marginalization=1 sparsification=1",0.05313850470329483,0.05552391692658672,0.18003480647324185,0.6612898653022471,1.0,,0.9615252496979239,0,0,70.2
eu_sadvo,V1_02,bimono,run_00,"dataset_id=""eth"" marginalization=1 sparsification=1",0.09759571941352556,0.04397088288492729,0.10298959231151193,0.45573061840654305,1.0,,0.9526038623597849,0,0,52.2
eu_sadvo,V1_02,bimono,run_01,"dataset_id=""eth"" marginalization=1 sparsification=1",0.11834762152961315,0.04471907150735173,0.10222252587969957,0.5018344553860378,1.0,,0.9490930378660936,0,0,62.2
eu_sadvo,V1_03,bimono,run_00,"dataset_id=""eth"" marginalization=1 sparsification=1",0.3569800039395813,0.0868253757596839,0.22400397814799297,1.4132983995299142,1.0,,0.9692737434198164,0,0,92.2
eu_sadvo,V1_03,bimono,run_01,"dataset_id=""eth"" marginalization=1 sparsification=1",0.24004475327870456,0.07532791704437222,0.17150899228853023,1.1997126251196268,1.0,,0.9688081922950357,0,0,108.2
eu_sadvo,V2_01,bimono,run_00,"dataset_id=""eth"" marginalization=1 sparsification=1",0.10719524346746413,0.01673518558323589,0.04097743561133868,0.42542919288427694,1.0,,0.953049582013001,0,0,84.3
eu_sadvo,V2_01,bimono,run_01,"dataset_id=""eth"" marginalization=1 sparsification=1",0.0747818305635302,0.014300381920054433,0.03176773670889233,0.37783979466364326,1.0,,0.953049582013001,0,0,42.2
eu_sadvo,V2_02,bimono,run_00,"dataset_id=""eth"" marginalization=1 sparsification=1",0.14960892761502836,0.032869148472293275,0.07112185249716421,0.5738786964890946,1.0,,0.9706007665062851,0,0,80.2
eu_sadvo,V2_02,bimono,run_01,"dataset_id=""eth"" marginalization=1 sparsification=1",0.11886324973626582,0.030009663387241026,0.06721781784363005,0.5689362226307861,1.0,,0.9706007665062851,0,0,58.2
eu_sadvo,V2_03,bimono,run_00,"dataset_id=""eth"" marginalization=1 sparsification=1",0.3238206251413298,0.316625010537066,0.8365761560865043,6.241063476688741,1.0,,0.0513918628500833,10,0,56.2
eu_sadvo,V2_03,bimono,run_01,"dataset_id=""eth"" marginalization=1 sparsification=1",,,,,,,0.0,19,0,50.2
eu_viomarg,MH_01,bimonovio,run_00,"dataset_id=""eth"" marginalization=1",0.09516670289446827,0.01411761519721308,0.040256046226271935,0.25045921611831534,1.0,,0.9883183937958576,0,0,50.1
eu_viomarg,MH_02,bimonovio,run_00,"dataset_id=""eth"" marginalization=1",0.05139928387595763,0.01152771687579918,0.0212435757560478,0.5071510079942129,1.0,,0.9756498829935132,0,0,56.2
eu_viomarg,MH_03,bimonovio,run_00,"dataset_id=""eth"" marginalization=1",0.15564635749436387,0.037474877639616565,0.10380156595812018,0.15729993939134734,1.0,,0.970729899619948,0,0,42.1
eu_viomarg,MH_04,bimonovio,run_00,"dataset_id=""eth"" marginalization=1",0.2068776503333502,0.04078229811806854,0.1190746909281365,0.19850865058978842,1.0,,0.9601377980541411,0,0,20.1
eu_viomarg,MH_05,bimonovio,run_00,"dataset_id=""eth"" marginalization=1",0.27588517097246956,0.05994059399369719,0.14194067111479405,0.5856528011339674,1.0,,0.9859154917162294,0,0,32.1
eu_viomarg,V1_01,bimonovio,run_00,"dataset_id=""eth"" marginalization=1",0.06812940710718042,0.053475092708995704,0.1752661705353608,0.5600892793440339,1.0,,0.9525936097723947,0,0,76.1
eu_viomarg,V1_02,bimonovio,run_00,"dataset_id=""eth"" marginalization=1",0.03086479237234967,0.03960656570876245,0.09381480699411672,0.17850004017580323,1.0,,0.9409011149775316,0,0,94.1
eu_viomarg,V1_03,bimonovio,run_00,"dataset_id=""eth"" marginalization=1",0.09473578431570408,0.03386173854758805,0.0899850720136814,0.28806363761387216,1.0,,0.9692737456397288,0,0,154.1
eu_viomarg,V2_01,bimonovio,run_00,"dataset_id=""eth"" marginalization=1",0.052524730647040246,0.009070503930991786,0.026186671049955555,0.21947466421988593,1.0,,0.9530495799206924,0,0,58.1
eu_viomarg,V2_02,bimonovio,run_00,"dataset_id=""eth"" marginalization=1",0.08861008936362633,0.016598968441650968,0.04526602645553829,0.3340352629776541,1.0,,0.9710268460051694,0,0,58.1
eu_viomarg,V2_03,bimonovio,run_00,"dataset_id=""eth"" marginalization=1",0.06837715668095912,0.025244802369318756,0.07882246017318188,0.4831062228294952,1.0,,0.19186295545716264,2,0,26.1
f10_vio,room1,bimonovio,run_00,,0.32073502909994245,0.02901821317840315,0.09023826243674236,0.9066867539422555,1.0,,0.9829855025159921,0,0,26.1
f10_vio,room1,bimonovio,run_01,,0.26156033146249025,0.028225899009645897,0.08171025306258609,0.9181821541918718,1.0,,0.9815670650925321,0,0,24.1
f10_viomargtd,magistrale2,bimonovio,run_00,estimate_td=1 marginalization=1,1.9423026319274423,0.01360867241658852,0.03313895632418025,0.7394529764656763,1.0,4.248231854204157,0.9945416785952563,0,0,182.1
f10_viomargtd,magistrale2,bimonovio,run_01,estimate_td=1 marginalization=1,1.6818999252652278,0.016170117346762197,0.052112576292284336,0.7691755230671481,1.0,3.6934080954657924,0.9944491638656415,0,0,174.1
f10_viomargtd,room1,bimonovio,run_00,estimate_td=1 marginalization=1,0.0883303287606272,0.013821661626601577,0.03972534256150832,0.6813357225541021,1.0,,0.979794920386153,0,0,66.1
f10_viomargtd,room1,bimonovio,run_01,estimate_td=1 marginalization=1,0.06732034360020998,0.0134875515899001,0.035919090377185194,0.639886856752216,1.0,,0.9829855025159921,0,0,62.1
f10_viomargtd,room1,bimonovio,run_02,estimate_td=1 marginalization=1,0.09542945965291279,0.013431727175829213,0.03797828351677495,0.6691231974994956,1.0,,0.9829855025159921,0,0,60.1
f10_vo,magistrale2,bimono,run_00,,7.707542813864504,0.04621389326569476,0.10286500798298548,1.6005554676086944,1.0,16.40839682208488,0.9951893081706303,0,0,68.1
f10_vo,magistrale2,bimono,run_01,,7.264305773297609,0.035501852832132925,0.08378391287456095,1.346606711373341,1.0,15.504478460823915,0.9951893081706303,0,0,68.1
f10_vo,magistrale2,bimono,run_02,,6.441245493256679,0.03986047417626802,0.08925215866331367,1.2852932421347893,1.0,13.684227244776398,0.9951893081706303,0,0,68.1
f10_vo,room1,bimono,run_00,,0.16232246809218748,0.02703449377134101,0.0576425689278078,0.9349389319976463,1.0,,0.9822762838042621,0,0,18.1
f10_vo,room1,bimono,run_01,,0.19766098638597554,0.023817554985317586,0.058766296726448626,0.9301652194645104,1.0,,0.9819216719121096,0,0,18.1
f10_vo,room1,bimono,run_02,,0.16406455888748253,0.0233555708125249,0.05790383619535101,0.9238944066381282,1.0,,0.9819216719121096,0,0,18.1
f10_vomarg,magistrale2,bimono,run_00,marginalization=1,6.834435780020795,0.0485145585909618,0.08698516594264788,1.5819304116581268,1.0,14.582789149983293,0.9951893081706303,0,0,136.2
f10_vomarg,magistrale2,bimono,run_01,marginalization=1,7.731325476695078,0.03583926001098441,0.07659395946146198,1.2970454303068377,1.0,16.433697379659257,0.9948192271954457,0,0,136.2
f10_vomarg,magistrale2,bimono,run_02,marginalization=1,7.455921025545467,0.047089213747986226,0.11221991832129145,1.5224318602974463,1.0,15.917793468371688,0.9952818224591106,0,0,136.1
f10_vomarg,room1,bimono,run_00,marginalization=1,0.2368487551959391,0.026836943238946667,0.06577903107643858,0.9475954579646371,1.0,,0.9819216719121096,0,0,50.1
f10_vomarg,room1,bimono,run_01,marginalization=1,0.18108869006167808,0.024052239855469337,0.059092663777621304,0.9157336334810713,1.0,,0.980504139097883,0,0,50.2
f10_vomarg,room1,bimono,run_02,marginalization=1,0.16912958249077523,0.023896164464944067,0.05581797561511315,0.9296057628845301,1.0,,0.9819216719121096,0,0,50.2
f10_vomarg,room1,bimono,run_03,marginalization=1,0.14911286452432995,0.02568866138502454,0.060112149848446934,0.9521700390566628,1.0,,0.9819216719121096,0,0,48.2
f10_vomarg,room1,bimono,run_04,marginalization=1,0.19093000695095522,0.022838070566422435,0.05823177777849476,0.9019529812943726,1.0,,0.980504139097883,0,0,50.1
f10_vomarg,room1,bimono,run_05,marginalization=1,0.12214150960301197,0.02662517167562047,0.058120756872518484,0.9537771256200885,1.0,,0.9819216719121096,0,0,48.1
f10_vomargsparse,magistrale2,bimono,run_00,marginalization=1 sparsification=1,5.417496676333726,0.03983805105554376,0.07714322848647746,1.4195205374323263,1.0,11.568612413377657,0.9953743385121289,0,0,138.2
f10_vomargsparse,magistrale2,bimono,run_01,marginalization=1 sparsification=1,7.722903794806934,0.0534488588507254,0.11859953440969237,1.7464175634360424,1.0,16.41532608741153,0.9951893081706303,0,0,140.2
f10_vomargsparse,magistrale2,bimono,run_02,marginalization=1 sparsification=1,6.108827135889178,0.037976415717116956,0.10127467312059166,1.3687308850367284,1.0,13.024756651359,0.9948192271954457,0,0,140.2
f10_vomargsparse,room1,bimono,run_00,marginalization=1 sparsification=1,0.18945839970998715,0.024370046687157112,0.058715323385528456,0.9147829881005719,1.0,,0.9815670650925321,0,0,50.2
f10_vomargsparse,room1,bimono,run_01,marginalization=1 sparsification=1,0.20400439101576673,0.024165998930687056,0.06110537637834324,0.9189101790638325,1.0,,0.9815670650925321,0,0,52.1
f10_vomargsparse,room1,bimono,run_02,marginalization=1 sparsification=1,0.12907060987053676,0.02710758470695261,0.06483922596332348,0.9317064160660143,1.0,,0.9815670650925321,0,0,50.1
f6_default,MH_01,mono,run_00,"dataset_id=""eth""",0.21384073781331706,0.036706382235671596,0.09967838542143799,0.27588389360024085,0.9491949500756564,,0.9760934536061474,0,0,20.1
f6_default,MH_01,monovio,run_00,"dataset_id=""eth""",1.5904670355583415,0.17503666276396304,0.6927904418890272,0.11639910235392864,1.183654336546175,,0.9712034801210656,0,0,28.1
f6_default,MH_02,mono,run_00,"dataset_id=""eth""",0.3271757796741302,0.08272718126517434,0.27328793135325324,0.3637712881105781,0.7040947104722995,,0.9457058228174736,0,0,14.1
f6_default,MH_02,monovio,run_00,"dataset_id=""eth""",0.30539788569394716,0.04794069334091611,0.15279219360005836,0.13306882499619846,1.0236164207162368,,0.9276077658487106,3,0,24.1
f6_default,MH_03,mono,run_00,"dataset_id=""eth""",0.42558132828140166,0.1160500943273586,0.31526860664052636,0.828991671925716,0.85779088423507,,0.8984809185413641,0,0,14.1
f6_default,MH_03,monovio,run_00,"dataset_id=""eth""",0.3479194782561549,0.06786714805759603,0.18319287873077042,0.17614487978047672,1.0040681399048608,,0.9262689881869733,1,0,26.1
f6_default,MH_04,mono,run_00,"dataset_id=""eth""",0.6651970493329461,0.147391259389713,0.40406201361664634,0.7648588334276766,1.2288003039084046,,0.8858267724850297,0,0,10.1
f6_default,MH_04,monovio,run_00,"dataset_id=""eth""",0.3485508297189239,0.08083204699037047,0.2463873713730325,0.14425870022032836,0.9984479368190375,,0.9261811046395537,1,0,12.1
f6_default,MH_05,mono,run_00,"dataset_id=""eth""",1.187751242205252,0.16819926083796752,0.5556162454941973,0.3948113834050921,1.5140125948199867,,0.9463028157097737,0,0,12.1
f6_default,MH_05,monovio,run_00,"dataset_id=""eth""",0.30133710392094215,0.06401707921525263,0.17460782978786887,0.14541235594516816,0.995661813862393,,0.9441021114871929,0,0,18.1
f6_default,room1,bimono,run_00,,0.16398474143525596,0.024078913584851685,0.06051964632670485,0.9096948440755228,1.0,,0.9815670650925321,0,0,22.1
f6_default,room1,bimonovio,run_00,,0.25941263944810017,0.024091168440215673,0.07027099830082625,0.8859899174806456,1.0,,0.9815670650925321,0,0,28.1
f6_default,room1,monovio,run_00,,0.2416839771820691,0.06192380028977153,0.13521210773581221,0.9520182181317823,0.9572101524398763,,0.9794403135665755,0,0,26.1
f6_sadvio,MH_01,bimonovio,run_00,"dataset_id=""eth"" marginalization=1 sparsification=1",0.10219700760084967,0.013753925415185704,0.04392390815582639,0.562388345769314,1.0,,0.9853300756585511,0,0,54.1
f6_sadvio,MH_01,bimonovio,run_01,"dataset_id=""eth"" marginalization=1 sparsification=1",0.08464451919416355,0.014035876683100908,0.03980109000197046,0.43556136187895295,1.0,,0.9853300756585511,0,0,60.1
f6_sadvio,MH_02,bimonovio,run_00,"dataset_id=""eth"" marginalization=1 sparsification=1",0.05895804028033506,0.011676853792143187,0.027296108702040547,0.1377786557569612,1.0,,0.9763079935854466,0,0,50.1
f6_sadvio,MH_02,bimonovio,run_01,"dataset_id=""eth"" marginalization=1 sparsification=1",0.05385447952607632,0.011400258800370556,0.024881266999714474,0.1581686402097447,1.0,,0.9769661041773801,0,0,26.1
f6_sadvio,MH_03,bimonovio,run_00,"dataset_id=""eth"" marginalization=1 sparsification=1",0.0954790473987064,0.03798868380006889,0.10138973958499597,0.15824442698328123,1.0,,0.9711004086285971,0,0,28.1
f6_sadvio,MH_03,bimonovio,run_01,"dataset_id=""eth"" marginalization=1 sparsification=1",0.1760270123871174,0.03919615925748882,0.10591939391812281,0.16441792468859168,1.0,,0.968877363410292,0,0,50.1
f6_sadvio,MH_04,bimonovio,run_00,"dataset_id=""eth"" marginalization=1 sparsification=1",0.1128261913684199,0.038381029686424796,0.111385110999835,0.21952754670526434,1.0,,0.9694881898863937,0,0,32.1
f6_sadvio,MH_04,bimonovio,run_01,"dataset_id=""eth"" marginalization=1 sparsification=1",0.15064397585806863,0.04342958356513071,0.14271128238509626,0.23940585769807096,1.0,,0.9660433089320521,0,0,40.1
f6_sadvio,MH_05,bimonovio,run_00,"dataset_id=""eth"" marginalization=1 sparsification=1",0.21181665038491942,0.03239756853753083,0.0790083968511572,0.1473810433756776,1.0,,0.964348592013941,0,0,48.1
f6_sadvio,MH_05,bimonovio,run_01,"dataset_id=""eth"" marginalization=1 sparsification=1",0.21495388964837048,0.03186603042204026,0.0824300382839994,0.17227836103882657,1.0,,0.9581866197709635,0,0,22.1
f6_sadvio,V2_03,bimonovio,run_00,"dataset_id=""eth"" marginalization=1 sparsification=1",0.23905706306221516,0.02762065565124662,0.09928339985886218,0.31275888801692536,1.0,,0.9743040665328292,0,0,58.1
f6_viomarg,V2_03,bimonovio,run_00,"dataset_id=""eth"" marginalization=1",0.24156468126593383,0.0332898645039855,0.10310888859720746,0.3136267736678731,1.0,,0.9743040665328292,0,0,68.1
f6_viomargsp,room1,bimonovio,run_00,marginalization=1 sparsification=1,0.17584849780446227,0.02029822784690802,0.06278783735508338,0.7682015046971492,1.0,,0.9815670650925321,0,0,70.1
f6_viomargsp,room1,bimonovio,run_01,marginalization=1 sparsification=1,0.18162108487963607,0.01998346743109862,0.06365612262481422,0.8101332215787729,1.0,,0.9826308973872732,0,0,68.1
f6_viomargtd,room1,bimonovio,run_00,estimate_td=1 marginalization=1,0.09855852600044554,0.013645690577750193,0.037137107046013994,0.6652445829832968,1.0,,0.9815670650925321,0,0,64.1
f6r_default,room1,bimono,run_00,,0.1372109064230747,0.02488007078248171,0.05760712398689522,0.9359163432119495,1.0,,0.9833401093355697,0,0,20.1
f6r_default,room1,bimonovio,run_00,,0.2328792923266579,0.02488112352477668,0.0740499738047169,0.8803226779627783,1.0,,0.9815670650925321,0,0,44.1
f6r_default,room1,monovio,run_00,,0.23608255826065896,0.06648143770112985,0.14800849098464233,0.9040221763231103,0.9674141822289151,,0.9780222684222597,0,0,22.1
f6r_viomargtd,magistrale2,bimonovio,run_00,estimate_td=1 marginalization=1,1.324477226493948,0.017458251574917316,0.05906616673657713,0.6935137851956881,1.0,2.9039246033263435,0.9943566473714888,0,0,298.1
f6r_viomargtd,room1,bimonovio,run_00,estimate_td=1 marginalization=1,0.060356466236575715,0.013013274110021103,0.03289126857792501,0.6785464724260438,1.0,,0.9829855025159921,0,0,140.1
final,magistrale2,bimono,run_00,,7.323022452300728,0.03853608626307444,0.07602826385641287,1.3417981988516143,1.0,15.598495179238268,0.9953743385121289,0,0,70.1
final,magistrale2,bimono,run_01,,0.17939080936143406,0.04494568471954453,0.11980521048389027,1.5265707148293315,1.0,,0.26413327490200883,0,0,70.1
final,magistrale2,bimono,run_02,,6.393062557910774,0.03662969190709935,0.06828079002805591,1.380385498423457,1.0,13.689592961703065,0.9948192271954457,0,0,68.1
final,magistrale2,bimonovio,run_00,,7.180361231829618,0.02720109236680566,0.08232242377518707,0.8803731506580514,1.0,15.744459410857855,0.9943566473714888,0,0,76.1
final,magistrale2,bimonovio,run_01,,7.488590218231741,0.02846237602391625,0.08744419623658732,0.9221763181300154,1.0,16.492345463052402,0.9945416785952563,0,0,76.1
final,magistrale2,bimonovio,run_02,,7.183981571127975,0.02893167868188708,0.08265272789519,0.8826615080704426,1.0,15.663998826218883,0.9945416785952563,0,0,78.1
final,magistrale2,mono,run_00,,0.3908469927109121,0.3471651528042709,1.165146748783899,8.85627305801737,0.38445984580460213,,0.010268951034147376,0,0,68.1
final,magistrale2,mono,run_01,,0.24874727581922573,0.38937873567189646,,28.82054372237094,0.9065786385915291,,0.0063834920810203685,0,0,68.1
final,magistrale2,mono,run_02,,0.21281779211410257,0.491314079639801,,7.45975023396964,2.3925596112594576,,0.0047179313878324145,0,0,68.1
final,magistrale2,monovio,run_00,,0.943861418694229,0.7451770720619917,1.5586551628964689,1.300254178922933,0.002025019714469495,74.59794413390763,0.9931538813347646,0,0,70.1
final,magistrale2,monovio,run_01,,0.9373029595694878,0.7476793360955126,1.5493588790643018,1.3036417932048967,0.002658206530931539,64.35765101046722,0.9931538813347646,0,0,68.1
final,magistrale2,monovio,run_02,,0.948082239406806,0.7504182487641994,1.5660101393106507,1.262106646940467,0.0012627873714351281,113.87367477428228,0.9931538813347646,0,0,68.1
final,room1,bimono,run_00,,0.19682052534039898,0.024522819159938126,0.06066803952945819,0.938205895930046,1.0,,0.9819216719121096,0,0,18.1
final,room1,bimono,run_01,,0.11912833277522088,0.02445246128070102,0.05535671094618949,0.9317933387445123,1.0,,0.9826308889329812,0,0,18.1
final,room1,bimono,run_02,,0.144766763959205,0.024413119795737185,0.056840019514443195,0.9026749336844213,1.0,,0.9826308889329812,0,0,22.1
final,room1,bimonovio,run_00,,0.2653728282225087,0.025481649238059585,0.07301742079413892,0.8965206597063244,1.0,,0.9815670650925321,0,0,26.1
final,room1,bimonovio,run_01,,0.223918678255615,0.02447453467157129,0.07136900859017793,0.8772471178959693,1.0,,0.9826308973872732,0,0,24.1
final,room1,bimonovio,run_02,,0.32894298770228897,0.027162982673202454,0.08007418245733817,0.9137156409786433,1.0,,0.9819216769846847,0,0,24.1
final,room1,mono,run_00,,0.09329632689672282,0.14336877683538551,,11.870846959273058,0.5823405771627637,,0.02589483497311821,0,0,18.1
final,room1,mono,run_01,,0.08919582984986539,0.12649621616472803,,11.48950919658363,0.6615575255791172,,0.026247923401869898,0,0,18.1
final,room1,mono,run_02,,0.2576495052102976,0.3644093752875146,,11.880283913336182,0.5335628499946267,,0.026247916638436376,0,0,18.1
final,room1,monovio,run_00,,0.25225917550050003,0.06927260516693305,0.14648489099923723,0.9360585541017075,0.9509440657866556,,0.9751769426651532,0,0,18.1
final,room1,monovio,run_01,,0.22561165045913756,0.07251622449079359,0.16279156609789955,0.9917196466681262,0.9497775478769931,,0.9762407749598943,0,0,18.1
final,room1,monovio,run_02,,0.2802317019900214,0.08721616885090523,0.18885636668458222,0.9636339932133758,0.9322332863576819,,0.9751769426651532,0,0,18.1
final2,magistrale2,bimono,run_00,,7.842644732055257,0.034601006381078145,0.06665250004007167,1.3724100119872857,1.0,16.697170385264094,0.9952818224591106,0,0,70.1
final2,magistrale2,bimono,run_01,,7.548891068158388,0.040345870054609406,0.07828602639828106,1.5036350175193784,1.0,16.05936328593773,0.9951893081706303,0,0,78.2
final2,magistrale2,bimono,run_02,,5.488358335207626,0.03521817259506647,0.08097089802001334,1.3073490144247149,1.0,11.717732866090909,0.9951893081706303,0,0,76.2
final2,magistrale2,bimonovio,run_00,,6.112530006610958,0.027682661563364425,0.07045635414082022,0.9047147429974783,1.0,13.33537920097134,0.9943566473714888,0,0,76.1
final2,magistrale2,bimonovio,run_01,,7.665899864313704,0.03497252246214124,0.1847809400053389,0.953669681950509,1.0,16.85905107635213,0.9948192439585571,0,0,78.1
final2,magistrale2,bimonovio,run_02,,6.250289393455347,0.02949796460060981,0.09201255383777167,0.9115063383102703,1.0,13.72764845967893,0.994264133524143,0,0,76.1
final2,magistrale2,mono,run_00,,0.15436999012479302,0.3939430321980963,,33.99061385836967,0.5794017459329954,,0.006938289751066282,0,0,68.1
final2,magistrale2,mono,run_01,,0.17456809571961499,0.36674425051049026,,35.35844075043498,0.8948358507272697,,0.00582855677700707,0,0,68.1
final2,magistrale2,mono,run_02,,0.13913082005336858,0.4206022860292026,,43.255372670355406,0.5689278080444938,,0.005088217490564542,0,0,68.1
final2,magistrale2,monovio,run_00,,0.9400641025037902,0.7501725071298854,1.5529501768489837,1.3015615488064252,0.0012378211926125952,95.64071406689115,0.99343135229528,0,0,70.1
final2,magistrale2,monovio,run_01,,0.25085679672495104,0.10991012248412882,0.2809315319438225,0.8516146421753743,0.9020254534568024,,0.23647100372328247,0,0,68.1
final2,magistrale2,monovio,run_02,,0.927652354786342,0.7401672156679722,1.544392813408618,1.4863169777491496,0.001226044108413144,117.14879310779486,0.9928763344991132,0,0,68.1
final2,room1,bimono,run_00,,0.1555703446621309,0.025153230413017272,0.05758031685470108,0.9217352490489673,1.0,,0.980504139097883,0,0,18.1
final2,room1,bimono,run_01,,0.1353336288691398,0.024301538188572065,0.056764646776013505,0.8949120700254473,1.0,,0.9808587442266021,0,0,18.1
final2,room1,bimono,run_02,,0.1450969223012261,0.025333148051670158,0.06031333641183811,0.9166010507032761,1.0,,0.9826308889329812,0,0,18.1
final2,room1,bimonovio,run_00,,0.281809786462216,0.02537890547834017,0.07739741357756415,0.8798009474040374,1.0,,0.9815670650925321,0,0,26.1
final2,room1,bimonovio,run_01,,0.24553114937962983,0.028760472724536024,0.08513864784294954,0.90215153847788,1.0,,0.9822762821134038,0,0,32.1
final2,room1,bimonovio,run_02,,0.26649452863661066,0.024683774277941172,0.07381668326751034,0.9155363829855512,1.0,,0.9819216769846847,0,0,24.1
final2,room1,mono,run_00,,0.08783705602262584,0.12136298334725276,,12.80350580644615,0.5966495756644715,,0.02731329775945404,0,0,18.1
final2,room1,mono,run_01,,0.7505787188593857,0.7057057197845362,1.1661738629708156,5.870339190556995,0.2694167991610347,,0.7932682230664106,0,0,18.1
final2,room1,mono,run_02,,0.534033448243438,0.4218352971337738,0.8116431569184794,5.332369426513275,0.3807042767426331,,0.7936228349585633,0,0,18.1
final2,room1,monovio,run_00,,0.4070104771438254,0.16934735482695681,0.3085636468313696,0.9125005152174863,0.8386779587555216,,0.9751769426651532,0,0,24.1
final2,room1,monovio,run_01,,0.34212619012763784,0.10932652335710584,0.21521456244646364,0.9268121004372994,0.8979914556511143,,0.9758861698311752,0,0,20.1
final2,room1,monovio,run_02,,0.2500583747967353,0.07712758370036607,0.1753736249513475,0.9973500421628209,0.9434674545305973,,0.939360424633787,0,0,20.1
final3,room1,bimono,run_00,,0.15344518026001408,0.02719874446397396,0.060515874035033244,0.9661277216530778,1.0,,0.9801495272057305,0,0,18.1
final3,room1,bimono,run_01,,0.17212306543352346,0.024604545156772153,0.06073977456942017,0.93104246934224,1.0,,0.9815670650925321,0,0,18.1
final3,room1,bimonovio,run_00,,0.3318030302343572,0.026236065869539103,0.07935555275008387,0.9140539063027571,1.0,,0.9822762821134038,0,0,28.1
final3,room1,bimonovio,run_01,,0.2685615912790199,0.027042337550721524,0.08123077779253833,0.9125009032692938,1.0,,0.9812124582729546,0,0,24.1
final3,room1,monovio,run_00,,0.24109977350609396,0.0781135271590378,0.1948096761012227,0.9573525360766918,0.9670790388124271,,0.9780222684222597,0,0,20.1
final3,room1,monovio,run_01,,0.30088749222757094,0.08552329751701213,0.18841914776472213,0.9353121195773503,0.9364852461775361,,0.9780222684222597,0,0,20.1
final3_margsp,room1,bimono,run_00,marginalization=1 sparsification=1,0.2158251701161763,0.025065226919343077,0.06003995417934887,0.923626284397513,1.0,,0.9819216719121096,0,0,52.2
final3_margsp,room1,bimono,run_01,marginalization=1 sparsification=1,0.14626209599010817,0.023010202579246113,0.05318799765515355,0.9160158451846614,1.0,,0.9819216719121096,0,0,52.2
final3_margtd,room1,bimonovio,run_00,estimate_td=1 marginalization=1,0.0812810346880261,0.01412826682057319,0.037309714395338846,0.6612435927045924,1.0,,0.9815670650925321,0,0,60.1
final3_margtd,room1,bimonovio,run_01,estimate_td=1 marginalization=1,0.06169780525844891,0.013127338102371832,0.035109454641784985,0.6509068881795186,1.0,,0.9815670650925321,0,0,104.1
final3_margtd,room1,monovio,run_00,estimate_td=1 marginalization=1,0.3541812594801874,0.11457711820318041,0.245407478526482,0.7880613283921224,0.8970846197653565,,0.9780222684222597,0,0,20.1
final3_margtd,room1,monovio,run_01,estimate_td=1 marginalization=1,0.12395137412464613,0.03554524036057808,0.08229559080118982,0.7983592827573216,0.9939859042091791,,0.9780222684222597,0,0,20.1
final3_mt,room1,bimonovio,run_00,multithreading=1,0.30147827800493493,0.02846159485323361,0.07776784859453009,1.1208009852154104,1.0,,0.9815670650925321,0,0,28.1
final3_mt,room1,bimonovio,run_01,multithreading=1,0.230887395754635,0.026086336483501327,0.07656027679094454,0.8921604165200535,1.0,,0.9815670650925321,0,0,28.1
final3_mt_marg,room1,bimonovio,run_00,marginalization=1 multithreading=1,0.7769060591677305,0.1360818884036375,0.36113583634821694,3.9186404309437606,1.0,,0.9815670650925321,0,0,76.1
final3_mt_marg,room1,bimonovio,run_01,marginalization=1 multithreading=1,0.8175053871660749,0.13700242503247204,0.37701414979419257,2.3004966151694233,1.0,,0.979794920386153,0,0,72.1
final3_mt_marg,room1,bimonovio,run_02,marginalization=1 multithreading=1,2.060673125859494,0.21686634960678047,0.589569894666706,3.7909884144505623,1.0,,0.9812124582729546,0,0,72.1
final3_mt_marg,room1,bimonovio,run_03,marginalization=1 multithreading=1,0.7064607947480336,0.12266549046450732,0.30659476013674053,3.293817690452146,1.0,,0.9826308973872732,0,0,76.1
final3_mt_margtd,room1,bimonovio,run_00,estimate_td=1 marginalization=1 multithreading=1,0.4755479644674984,0.07558386295659644,0.20202504399198581,1.056031778524181,1.0,,0.9819216769846847,0,0,52.1
final3_mt_margtd,room1,bimonovio,run_01,estimate_td=1 marginalization=1 multithreading=1,0.09819913829064404,0.013766252782098845,0.03830905326058587,0.650856145169462,1.0,,0.9822762821134038,0,0,54.1
final3_mt_margtd,room1,bimonovio,run_02,estimate_td=1 marginalization=1 multithreading=1,0.06399558607639762,0.013851685215953312,0.03748022931815764,0.6725780670473688,1.0,,0.9829855025159921,0,0,52.1
final3_mt_margtd,room1,bimonovio,run_03,estimate_td=1 marginalization=1 multithreading=1,0.44489594478187283,0.06753577723839484,0.18748793511670034,2.4487154321155087,1.0,,0.9822762821134038,0,0,74.1
final3_mt_margtd,room1,bimonovio,run_04,estimate_td=1 marginalization=1 multithreading=1,0.4270784868624955,0.0760261319040403,0.18203681733437257,2.0944463863413287,1.0,,0.9815670650925321,0,0,74.1
final3_mt_margtd,room1,bimonovio,run_05,estimate_td=1 marginalization=1 multithreading=1,0.5741162825063824,0.08125242978193517,0.22157811738888367,2.5658452738968243,1.0,,0.9815670650925321,0,0,78.1
final4_margtd,room1,bimonovio,run_00,estimate_td=1 marginalization=1,0.07985390729863118,0.01392472636916097,0.03788408978863174,0.6405835671109551,1.0,,0.9815670650925321,0,0,70.1
final4_mt_margtd,room1,bimonovio,run_00,estimate_td=1 marginalization=1 multithreading=1,0.09994146262928538,0.013973482688079214,0.04107348744934633,0.6924877516354834,1.0,,0.9801495322783056,0,0,50.1
final4_mt_margtd,room1,bimonovio,run_01,estimate_td=1 marginalization=1 multithreading=1,0.08065511326164292,0.013566081561320243,0.03909301803445576,0.6545233685111095,1.0,,0.9815670650925321,0,0,48.1
final4_mt_margtd,room1,bimonovio,run_02,estimate_td=1 marginalization=1 multithreading=1,0.08322171459625853,0.0134398291150627,0.039076929174748316,0.6801577261130537,1.0,,0.9815670650925321,0,0,52.1
fix10,room1,mono,run_00,,0.32836219457568816,0.2346176041491765,0.44986863473712546,4.601286384079533,0.5341378269714242,,0.4705783929069465,0,0,24.1
fix10,room1,mono,run_01,,0.5322279856869652,0.43518999408172193,0.6713539134221229,6.050410553403644,0.30338966918666344,,0.7907788399070024,0,0,24.1
fix10,room1,monovio,run_00,,0.337095863336103,0.10885659029727134,0.20598799166365744,0.9739437348963622,0.9055864966137765,,0.9751769426651532,0,0,24.1
fix10,room1,monovio,run_01,,0.27008963188641794,0.07236228772203733,0.15666432400645883,0.9528398786087775,0.942767981185295,,0.9758861698311752,0,0,36.1
gi_default,V1_03,monovio,run_00,"dataset_id=""eth""",1.439745549274837,0.7466510916736364,1.6793936233257423,1.397417915894936,0.19413213223619852,,0.9674115478003423,0,0,14.1
gi_default,V2_03,bimonovio,run_00,"dataset_id=""eth""",0.23239407192235054,0.06893534380395651,0.22809973259404734,0.8684845555501549,1.0,,0.33147751374933393,1,0,32.1
gi_default,V2_03,monovio,run_00,"dataset_id=""eth""",1.3622983673230906,0.43231245146802544,1.3415695705818995,1.2896912824457887,0.5564909478624975,,0.9725910060715297,0,0,16.1
gi_default,room1,bimonovio,run_00,,0.24576979611075317,0.025725948121694403,0.07328270248398741,0.8870102286179993,1.0,,0.9815670650925321,0,0,40.1
gi_sadvio,V1_03,bimonovio,run_00,"dataset_id=""eth"" marginalization=1 sparsification=1",0.11858972022084138,0.036512074414402025,0.09191313297559124,0.27453680100398276,1.0,,0.9697392945445973,0,0,68.1
gi_sadvio,V2_02,bimonovio,run_00,"dataset_id=""eth"" marginalization=1 sparsification=1",0.06134963165418069,0.016277138470502186,0.04265076494615579,0.32110817907424744,1.0,,0.9706007685379731,0,0,58.1
gi_sadvio,V2_03,bimonovio,run_00,"dataset_id=""eth"" marginalization=1 sparsification=1",0.0708583025959818,0.026779237340742158,0.06476729624071002,0.587356314235249,1.0,,0.3323340460221128,1,0,56.1
gi_sadvio,V2_03,bimonovio,run_01,"dataset_id=""eth"" marginalization=1 sparsification=1",0.09515442474231381,0.03331857679298015,0.08937620048729453,0.5687189656330285,1.0,,0.3297644532880345,1,0,40.1
gi_viomarg,V2_03,bimonovio,run_00,"dataset_id=""eth"" marginalization=1",0.0558316973560396,0.02755191249628937,0.06279649593884172,0.4780145013155191,1.0,,0.19100642318438377,2,0,28.1
hyb,rs_hyb_realacc,bimonovio,run_00,"dataset_id=""realsense_d455_vio""",15.535743433431715,4.475028168304818,21.354040352656654,,0.06550404187197699,,0.5097434411687354,1,0,12.1
hyb,rs_hyb_realacc,bimonovio,run_01,"dataset_id=""realsense_d455_vio""",0.5720227958540035,0.36022261900192093,0.6017423263881287,,1.102311250902788,,0.4442004710161452,1,0,12.1
hyb,rs_hyb_realgyro,bimonovio,run_00,"dataset_id=""realsense_d455_vio""",,,,,,,0.0,1,0,12.1
hyb,rs_hyb_realgyro,bimonovio,run_01,"dataset_id=""realsense_d455_vio""",126.96066631246995,133.45864919417332,155.70889840071433,,0.0026513595308955778,,0.3566819152795303,1,0,12.1
initgate,magistrale2,monovio,run_00,,0.9409521989619093,0.7456600696358726,1.5662334480376583,1.234752538513603,0.0015149328706079276,105.43862689748315,0.9941716165888557,0,0,96.2
initgate,room1,monovio,run_00,,0.3089389072360492,0.0852350119553725,0.1814172651331068,0.9296769259047485,0.9300653638719776,,0.9780222684222597,0,0,36.1
initgate,room2,monovio,run_00,,0.7689278654579585,0.3548435057822148,0.7416014528743923,1.0195206802290953,0.6449794156840412,,0.9892440734802888,0,0,28.1
initgate,room3,monovio,run_00,,0.4142852922734075,0.10472677400205677,0.22607116795158183,1.0895468110227646,0.9174286822263019,,0.9748213593533096,0,0,40.1
initgate,room4,monovio,run_00,,0.15578530839414412,0.050821967180966224,0.1275203740815207,0.8671158679112545,0.9499845012247772,,0.9824837497834632,0,0,26.1
initgate,room5,monovio,run_00,,0.4149102772065113,0.20648086528072426,0.37765048209341484,1.1199045243187333,0.7727313220309598,,0.9732954492355479,0,0,32.1
initgate,room6,monovio,run_00,,0.14403462045342783,0.03232631471990122,0.09020310541199004,0.6966057299665582,0.9924730899029708,,0.955598024316009,0,0,24.1
issue01,room1,bimonovio,run_00,,0.9794199706084106,0.179430682653522,0.5162126233840136,3.3513503997574197,1.0,,0.9787342719777425,0,0,34.2
issue01,room1,bimonovio,run_01,,4.373132724448738,0.5440586663237864,2.0711148974147404,3.3019002753500772,1.0,,0.9787342719777425,0,0,34.2
issue01,room1,bimonovio,run_02,,59.84048652602188,60.89450951164212,61.993540147845685,4.4926906474419654,1.0,,0.6177391239736452,1,0,32.2
issue01,room1,monovio,run_00,,1.0291182514671808,0.9841243541834939,1.7778520254268106,6.062609860469895,0.09464064355307997,,0.67163175845014,0,0,22.1
issue01,room1,monovio,run_01,,0.30094263135363375,0.09799617133686228,0.1985939424960009,1.0516706431191483,0.9233442532847727,,0.9751769426651532,0,0,18.1
issue01,room1,monovio,run_02,,0.3590781889953885,0.1308498512604101,0.24309672284524114,1.0480666870089947,0.8757267819499943,,0.9751769426651532,0,0,18.1
issue07,room1,bimonovio,run_00,,0.2350936019476637,0.026311065379062405,0.06861200923613611,0.9090047709288719,1.0,,0.977304605563777,0,0,24.1
issue07,room1,bimonovio,run_01,,0.31224839423741035,0.030278480408262358,0.07755652625560708,0.975542187627298,1.0,,0.9787310965457038,0,0,24.2
issue07,room1,bimonovio,run_02,,0.1244741441101714,0.02411515120998549,0.06760841968773923,0.8966765741253753,1.0,,0.46879727988771674,0,1,14.0
issue07,room1,monovio,run_00,,0.3493282563040829,0.11862593773790639,0.2253612894776797,1.0647579573646928,0.894852994862523,,0.9751769426651532,0,0,18.1
issue07,room1,monovio,run_01,,0.3544300405944766,0.1259636616484736,0.2544305631196481,1.054483152597342,0.8908843683095552,,0.9751769426651532,0,0,18.1
issue07,room1,monovio,run_02,,0.42896514755068144,0.2174729423041253,0.398118862459434,1.0617426443124254,0.7868811854527216,,0.9758861698311752,0,0,18.1
issue11,room1,bimonovio,run_00,,2.6864627319333523,0.5508427943089557,1.3491297336872679,6.479505470791256,1.0,,0.9815799612694008,0,0,34.1
issue11,room1,bimonovio,run_01,,91.65362046060051,26.482916384458065,83.09475267615072,8.023112758033376,1.0,,0.9957728371399397,0,0,34.1
issue11,room1,bimonovio,run_02,,1.0362839588186423,0.13773490060894703,0.40845444575712,2.901354030550395,1.0,,0.9780228534592593,0,0,34.1
issue11,room1,monovio,run_00,,,,,,,,0.0,0,0,20.1
issue11,room1,monovio,run_01,,0.7330526240823494,0.8180888261861355,1.967424089305176,6.515236096232472,0.009666924558212667,,0.0499774265333616,0,0,20.1
issue11,room1,monovio,run_02,,0.816208610451981,0.9319075549650879,1.5194746326212407,8.768651904687669,0.009212959012648602,,0.20673991672583347,0,0,20.1
issue19_td0,room1,bimonovio,run_00,estimate_td=1,0.22077350572963989,0.4104738008128737,,9.281162147416412,1.0,,0.023046932347839746,3,0,32.1
issue19_td0,room1,bimonovio,run_01,estimate_td=1,0.10534609096257913,0.1499100492276758,,3.439456275739973,1.0,,0.03369271367156698,3,0,36.1
issue19_td0,room1,bimonovio,run_02,estimate_td=1,0.3138978611810216,0.16268771034109067,0.45246828680462464,3.5810691125865706,1.0,,0.12908341749383656,1,0,36.1
issue19_td0,room1,monovio,run_00,estimate_td=1,,,,,,,0.0,0,0,18.1
issue19_td0,room1,monovio,run_01,estimate_td=1,0.4226797946271143,0.7556599649106596,,13.79194908447281,0.13327293438089347,,0.020559360097757044,0,0,18.1
issue19_td0,room1,monovio,run_02,estimate_td=1,,,,,,,0.0,0,0,18.1
issue19_td10,room1,bimonovio,run_00,"dataset_id=""tumvi_512_ds_dt10ms"" estimate_td=1",0.1038123905921634,0.1422115918824048,0.20451452698809566,3.7939465352701567,1.0,,0.058868364013659934,1,0,36.1
issue19_td10,room1,bimonovio,run_01,"dataset_id=""tumvi_512_ds_dt10ms"" estimate_td=1",0.19030080111193545,0.1703898425954346,0.2663583017638364,3.8924183994899577,1.0,,0.1163120039924007,1,0,38.1
issue19_td10,room1,bimonovio,run_02,"dataset_id=""tumvi_512_ds_dt10ms"" estimate_td=1",1.2399781145051962,0.4465431415823675,0.7165249496946033,6.410239698482646,1.0,,0.9858190852616454,0,0,38.1
issue19_td10,room1,monovio,run_00,"dataset_id=""tumvi_512_ds_dt10ms"" estimate_td=1",,,,,,,0.0,0,0,18.1
issue19_td10,room1,monovio,run_01,"dataset_id=""tumvi_512_ds_dt10ms"" estimate_td=1",,,,,,,0.0,0,0,18.1
issue19_td10,room1,monovio,run_02,"dataset_id=""tumvi_512_ds_dt10ms"" estimate_td=1",,,,,,,0.0,0,0,18.1
issue19b_td0,room1,bimonovio,run_00,estimate_td=1,0.14538306519520752,0.018293022949575823,0.049029632525078845,0.7808247014235381,1.0,,0.9815670650925321,0,0,24.1
issue19b_td0,room1,bimonovio,run_01,estimate_td=1,0.2488282339963381,0.019352949537057525,0.05660878683076273,0.7526962715816302,1.0,,0.9829855025159921,0,0,26.1
issue19b_td0,room1,bimonovio,run_02,estimate_td=1,0.2852521993855031,0.020396102802746716,0.06530197719750468,0.734710938769604,1.0,,0.9815670650925321,0,0,26.1
issue19b_td0,room1,monovio,run_00,estimate_td=1,0.19242167896417128,0.05505879636545883,0.11984897790565481,0.8420239009144107,0.9525127042958101,,0.9751769426651532,0,0,18.1
issue19b_td0,room1,monovio,run_01,estimate_td=1,0.2043605889166077,0.06709281045664912,0.1528875346140156,0.7570760333691121,0.950339242615038,,0.9751769426651532,0,0,18.1
issue19b_td0,room1,monovio,run_02,estimate_td=1,0.197062380511368,0.06589675231125851,0.14198903335854438,0.8147935527000091,0.9471927782838744,,0.9758861698311752,0,0,18.1
issue19b_td10,room1,bimonovio,run_00,"dataset_id=""tumvi_512_ds_dt10ms"" estimate_td=1",0.1240224689266006,0.017929564328892953,0.05089170608453097,0.7622163002287324,1.0,,0.9829855025159921,0,0,24.1
issue19b_td10,room1,bimonovio,run_01,"dataset_id=""tumvi_512_ds_dt10ms"" estimate_td=1",0.13163794631368578,0.01713019802748218,0.04782855173712779,0.7534199817171546,1.0,,0.9819216769846847,0,0,24.1
issue19b_td10,room1,bimonovio,run_02,"dataset_id=""tumvi_512_ds_dt10ms"" estimate_td=1",0.13808367564127833,0.017446400580250924,0.047216973927009305,0.7555589748352126,1.0,,0.9801495322783056,0,0,24.1
issue19b_td10,room1,monovio,run_00,"dataset_id=""tumvi_512_ds_dt10ms"" estimate_td=1",0.16525742347904607,0.04594416465405681,0.11226900120223464,0.7597125794124955,0.9706834681978616,,0.9762407749598943,0,0,18.1
issue19b_td10,room1,monovio,run_01,"dataset_id=""tumvi_512_ds_dt10ms"" estimate_td=1",0.24049921237655958,0.06544055232022401,0.143379794698815,0.8041737166733024,0.9482944743827697,,0.9751769426651532,0,0,18.1
issue19b_td10,room1,monovio,run_02,"dataset_id=""tumvi_512_ds_dt10ms"" estimate_td=1",0.268488286272016,0.09305722313004186,0.18134129684186018,0.7521122887853713,0.9171665469732277,,0.9751769426651532,0,0,18.1
kfv,rs_13_18_29,bimonovio,run_00,"dataset_id=""realsense_d455_vio_noise5""",0.03460730875540221,0.01763834228570076,0.03867577751324577,,1.0074241455910589,,0.8427042875781476,0,0,10.1
kfv,rs_13_18_29_synthimu,bimonovio,run_00,"dataset_id=""realsense_d455_vio""",7.448957723494223,3.4238363726371825,11.035106710475363,,0.06388072575803767,,0.3836120130167375,1,0,12.1
lc_5,V2_03,bimonovio,run_00,"dataset_id=""eth"" marginalization=1 max_lost_frames=5 sparsification=1",0.1118946755734634,0.0362502915307913,0.11290441313847259,0.551649926552508,1.0,,0.33147751374933393,1,0,66.1
lc_default,V2_03,bimonovio,run_00,"dataset_id=""eth"" marginalization=1 sparsification=1",0.10495906644813807,0.025969040177520993,0.0699220110837307,0.3008411971910423,1.0,,0.9743040665328292,0,0,66.1
live_vio,magistrale2,bimonovio,run_00,enable_visu=1 estimate_td=1 marginalization=1,1.967891377957141,0.014457912332834676,0.04133768069665988,0.7248191296760066,1.0,4.289207223894196,0.9945416785952563,0,0,553.6
live_vio,room1,bimonovio,run_00,enable_visu=1 estimate_td=1 marginalization=1,0.10831689729254006,0.014796045486092231,0.04293001526735064,0.6713396685729207,1.0,,0.9812124582729546,0,0,153.8
live_vo,magistrale2,bimono,run_00,enable_visu=1,5.882837194155191,0.03537716506979202,0.0706659865686669,1.3276732954369577,1.0,12.538915267964313,0.9951893081706303,0,0,553.5
live_vo,room1,bimono,run_00,enable_visu=1,0.16537120865880653,0.024031248553614364,0.058623246858650654,0.9089707414360404,1.0,,0.9815670650925321,0,0,153.7
main_build_check,room1,bimonovio,run_00,,0.311315377932593,0.02556084739327808,0.0759488996358187,0.8768829874896581,1.0,,0.9812124582729546,0,0,24.1
mdiag,room1,bimonovio,run_00,marginalization=1,4.9597480687435676,0.397828245890358,1.7931742667473278,0.7907101367594888,1.0,,0.9847552546577628,0,0,58.1
mdiag_fix0,room1,bimonovio,run_00,fixed_frame_number=0 marginalization=1,0.18666511335597546,0.026512414954146597,0.07005809582279664,0.7817411979536208,1.0,,0.9812124582729546,0,0,54.1
mem,magistrale2,bimonovio,run_03,estimate_td=1 marginalization=1,0.9831951029004784,0.016997088483112738,0.05218267417355504,0.7007807099895765,1.0,2.1573969881573465,0.9944491638656415,0,0,378.1
mem,magistrale2,bimonovio,run_04,estimate_td=1 marginalization=1,1.2261321982625357,0.014199645832199816,0.034091512985150285,0.7553593205740404,1.0,2.7103739926322787,0.9945416785952563,0,0,382.1
mem,magistrale2,bimonovio,run_05,estimate_td=1 marginalization=1,1.4982199666392706,0.015934513303176853,0.048507103525599615,0.6975427322030754,1.0,3.2871820099637854,0.9945416785952563,0,0,370.1
mem,room1,mono,run_00,,0.5864722041370027,0.4476219443208132,0.77633860156629,5.457238388020712,0.27744190426755333,,0.7925518926043319,0,0,22.1
mem,room1,mono,run_01,,0.06600701166925484,0.09551446182789856,,12.664900689378992,0.6400266308549355,,0.024466367377744422,0,0,18.1
mem,room1,monovio,run_00,,0.2765039418545389,0.08666385528761732,0.18584624224114732,0.9516804413902918,0.9326140598314889,,0.9780222684222597,0,0,20.1
mem,room1,monovio,run_01,,0.30033426792380924,0.08791664068364435,0.1891563892361626,0.9333124736018629,0.9312312031213572,,0.9446880420902536,0,0,32.1
mem2,room1,mono,run_00,,0.6439507627613001,0.6114421112960391,1.0374905951731943,4.714367843697914,0.23548445568945287,,0.8170164051104328,1,0,24.1
mem2,room1,mono,run_01,,0.27219662568753783,0.18863093173274123,0.3335491647920726,4.084091813216246,0.3902609518305685,,0.8166628939670859,1,0,22.1
mem2,room1,mono,run_02,,0.3977550257069329,0.2871304225117625,0.5253810710296777,5.512522330225055,0.2925877337881242,,0.7921972773304625,2,0,22.1
mem2,room1,mono,run_03,,0.5199376058877777,0.4602913773876235,0.7910818545408665,4.888010601659694,0.7422193205110741,,0.8219856502057084,1,0,20.1
mem2,room1,mono,run_04,,0.4412591475250757,0.39033389522858897,0.6017222568373966,6.253544835832961,1.8495432683363313,,0.7921972857847545,2,0,22.1
mem2,room1,monovio,run_00,,0.3591551351228379,0.11101241783040627,0.22013516589588272,0.9613924059837451,0.8992913720568309,,0.9780222684222597,0,0,34.2
mem2,room1,monovio,run_01,,0.2710327856072622,0.07614967658934597,0.1792723802336762,0.9589279091945393,0.9505939090288941,,0.9780222684222597,0,0,36.1
mem2,room1,monovio,run_02,,0.2760449710045723,0.07791215083096611,0.1718846450038332,0.966877162933108,0.9425012959692428,,0.9780222684222597,0,0,34.1
mem2,room2,mono,run_00,,0.13216439607101046,0.18159202504282082,,9.165536814644112,0.46059749569180664,,0.030888629508595326,3,0,18.1
mem2,room2,mono,run_01,,0.10088073555095847,0.13833334509240983,,11.541234370449219,0.5122057962255576,,0.02915675965581382,5,0,18.1
mem2,room2,monovio,run_00,,0.7484448152974511,0.320646928817666,0.6648821525770245,1.006491306849423,0.682807891067468,,0.9892440734802888,0,0,20.1
mem2,room2,monovio,run_01,,0.5858327060319071,0.17186286140688195,0.3595465167490778,0.9601737182443904,0.8305255966089242,,0.9906324869025738,0,0,20.1
mem2,room2,monovio,run_02,,0.6943968221050564,0.2881181015947421,0.6023223823438519,0.9656888414176172,0.7124520589613359,,0.9892440734802888,0,0,20.1
mem2,room3,mono,run_00,,0.01990347091866413,0.0712437932042205,,67.62723659773334,0.20558991894704493,,0.013830069674978032,5,0,22.2
mem2,room3,mono,run_01,,0.036529203806028525,0.07564877278917696,,31.973805109561727,0.23685331683470717,,0.020560697462576646,5,0,22.1
mem2,room3,mono,run_02,,0.0213299521310403,0.05628724114914772,,55.80672912755767,0.18080724271652893,,0.012768502635045136,11,0,18.1
mem2,room3,mono,run_03,,0.04665288390532511,0.3141241673333988,,21.611744838062034,1.698559791513582,,0.00744830560337074,4,0,22.1
mem2,room3,mono,run_04,,0.051023207011421955,0.12095710980606929,,24.15979601737831,0.15409242896728817,,0.021280235217510435,7,0,22.1
mem2,room3,monovio,run_00,,0.39781733269291586,0.09238008899637488,0.19856811515751377,1.0969820968756296,0.9383565356761948,,0.9755305778276037,0,0,44.1
mem2,room3,monovio,run_01,,0.38263941006541097,0.09594124995507174,0.20531061163154618,1.0817784500917746,0.9284081909868652,,0.9748213593533096,0,0,40.2
mem2,room3,monovio,run_02,,0.4474169964548607,0.0944622418722419,0.20475930745202806,1.1204208789348213,0.9329082456553295,,0.9748213593533096,0,0,42.1
mem2,room4,mono,run_00,,0.1604858906648392,0.33735664240079166,,60.57799728490885,0.16601487925062158,,0.024701867725364673,7,0,14.1
mem2,room4,mono,run_01,,0.18746502466710552,0.27985249968111986,0.46676498107128944,28.89498880856437,0.9642126550025315,,0.04579824821375404,5,0,14.1
mem2,room4,monovio,run_00,,0.1752945525190382,0.05966717505340304,0.1437662139607547,0.8861426013309879,0.937452940154418,,0.9824837497834632,0,0,16.1
mem2,room4,monovio,run_01,,0.19806660104978677,0.0545811764365406,0.13478546689533877,0.8946550317980975,0.9283251108611215,,0.9824837497834632,0,0,16.1
mem2,room4,monovio,run_02,,0.14354801137544004,0.04989821979225608,0.11863085367772776,0.8157220873814345,0.9324941791702146,,0.9811366553909497,0,0,16.1
mem2,room5,mono,run_00,,0.2048998910491643,0.2697942208451723,0.32018805679449075,13.084474979715615,0.23143314300685183,,0.05656321624500908,6,0,18.1
mem2,room5,mono,run_01,,0.17747769655990012,0.21983843217414498,0.24698915448191872,14.921444701498391,0.2171964714402183,,0.051995352225635956,10,0,18.1
mem2,room5,monovio,run_00,,0.44520825605185477,0.217206006707817,0.3945349601003809,1.1204992152877873,0.759550557503728,,0.9729443654416134,0,0,22.1
mem2,room5,monovio,run_01,,0.40387264252876226,0.19254203949778953,0.3532478036187219,1.0247224533947958,0.7896654046170061,,0.9729443654416134,0,0,22.1
mem2,room5,monovio,run_02,,0.38838755356260257,0.19985992152802962,0.36747945588292064,1.0512267978902965,0.7832249450801753,,0.9729443654416134,0,0,22.1
mem2,room6,mono,run_00,,0.3551727178791118,0.23602467790694723,0.5021810624952496,0.9423768455443117,0.485654717903662,,0.9187839343007882,0,0,16.1
mem2,room6,mono,run_01,,0.8523901205226119,0.5201571842909841,1.5297506915270251,0.8999126729658706,0.39221588676689717,,0.9210609782289347,0,0,16.1
mem2,room6,monovio,run_00,,0.21200593017368688,0.041585054141797036,0.12046930215917542,0.7267589897088538,0.980169356872418,,0.9563570365459622,0,0,16.1
mem2,room6,monovio,run_01,,0.20507326913629437,0.03733671521978911,0.11331581930530898,0.6983675420741857,0.9698879070697128,,0.9544594978280062,0,0,16.1
mem2,room6,monovio,run_02,,0.15510002652980814,0.03531560122230768,0.10937030000380638,0.7021667207484794,0.9739128890933837,,0.955598024316009,0,0,16.1
mem2_dc,room1,mono,run_00,,0.7818561171255297,0.6745373808200222,1.1171074473211746,7.881553935302982,0.5204006202792525,,0.4680902694370317,3,0,24.2
mem2_dc,room1,mono,run_01,,0.2370557201883935,0.17301672734963353,0.29891214527806953,7.230104371058449,0.8033028209669953,,0.2971604539350101,3,0,22.1
mem2_dc,room1,mono,run_02,,0.2684879638405599,0.31455884574956283,0.4783583749742808,11.668333222917834,0.43225587069427296,,0.05426521173894122,6,0,22.1
mem2_dc,room1,mono,run_03,,0.08152510295053675,0.12999884559487979,,11.48904878475836,0.6154447218696026,,0.02660252853058898,3,0,20.1
mem2_dc,room1,mono,run_04,,0.15964840174650305,0.2207532867760317,,11.709482241287839,0.5946997178480999,,0.025892019693914525,3,0,22.1
mem2_dc,room1,monovio,run_00,,0.3562071865101074,0.12800217091882718,0.24726045602472074,0.9216186849996044,0.8843722634186741,,0.9751769426651532,0,0,30.1
mem2_dc,room1,monovio,run_01,,0.27508397885902036,0.0893167354563576,0.1770804181548928,0.9131037155687171,0.9306492209460475,,0.9751769426651532,0,0,30.1
mem2_dc,room1,monovio,run_02,,0.2764803849305698,0.07029730065651053,0.15895941009553194,0.9972058779072774,0.953828992528048,,0.9758861698311752,0,0,30.1
mem2_dc,room2,mono,run_00,,0.027787584823857202,0.0531709829012805,,2.7773361257791627,0.40356225907274246,,0.009719751277161105,9,0,18.1
mem2_dc,room2,mono,run_01,,0.06502890864195544,,,,0.33147570771144863,,0.00589968208313393,9,0,18.1
mem2_dc,room2,monovio,run_00,,0.7869267698993763,0.3970787745153534,0.7980581104598579,0.9490522340337901,0.6169099851616018,,0.9871613325274691,0,0,18.1
mem2_dc,room2,monovio,run_01,,0.55310429537396,0.20670655577129826,0.42477890580026306,0.9273165264389158,0.8017528613042357,,0.9871613325274691,0,0,18.1
mem2_dc,room2,monovio,run_02,,1.0050180227470051,0.7213861839891342,1.4648982468778122,1.1474776462661451,0.31002263868261126,,0.9857729257254247,0,0,18.1
mem2_dc,room3,mono,run_00,,0.008778851354257248,,,,0.07130633846231095,,0.003547314858756034,14,0,22.1
mem2_dc,room3,mono,run_01,,0.022740019144974623,0.08077985781942218,,26.756601600106762,0.15257408715220752,,0.008509744138416105,12,0,22.1
mem2_dc,room3,mono,run_02,,0.015251112659404405,0.16443344651976186,,54.48067842372169,0.11992255492118817,,0.007438917983165704,16,0,20.1
mem2_dc,room3,mono,run_03,,0.07767755153441024,0.15339512585677723,,52.32738525979599,0.12683036645990184,,0.016669946528473773,12,0,22.1
mem2_dc,room3,mono,run_04,,0.0813672062008186,0.2388238438520351,,24.767140982731917,0.3641762818942484,,0.020915255974110213,9,0,22.1
mem2_dc,room3,monovio,run_00,,0.28115953644163605,0.07590834771523283,0.17390588974319868,1.0874600041471298,0.9536339516056549,,0.9655999433117597,0,0,38.1
mem2_dc,room3,monovio,run_01,,0.279109710514226,0.07097704919313438,0.1570414296878776,1.1155698234941358,0.9562076831808138,,0.9652453306929051,0,0,38.1
mem2_dc,room3,monovio,run_02,,0.3279220772504983,0.0794157502160467,0.16829726530721786,1.0899479068016946,0.950057053358996,,0.9677280738645553,0,0,40.1
mem2_dc,room4,mono,run_00,,0.1521197368568962,0.25524591339081376,,36.54807710501136,0.22513408475660673,,0.02515693350347972,7,0,14.1
mem2_dc,room4,mono,run_01,,0.04360092843334191,0.10569350846321741,,22.07860618635695,0.5924148147526677,,0.01705918465750265,9,0,14.1
mem2_dc,room4,monovio,run_00,,0.22456406889495165,0.05413062148756867,0.13209913612466387,0.8282733133239149,0.9326364784984704,,0.9757511790019937,0,0,14.1
mem2_dc,room4,monovio,run_01,,0.1842892426272865,0.06599584990512192,0.170919967303742,0.7834261529638097,0.9251447942044839,,0.9757511790019937,0,0,14.1
mem2_dc,room4,monovio,run_02,,0.20484255135830756,0.06532714732992108,0.14522089429574764,0.7797729536541704,0.9116839222876012,,0.9757511790019937,0,0,14.1
mem2_dc,room5,mono,run_00,,0.05902399050238723,0.07722888413938085,,1.9967641812787893,0.27793485887334946,,0.016515723806192043,14,0,18.1
mem2_dc,room5,mono,run_01,,0.06174083585763447,0.11548780647477204,,22.147255949223396,1.141989482932601,,0.017921965598254836,13,0,18.1
mem2_dc,room5,monovio,run_00,,0.37784646859575066,0.16627034160867224,0.2947722870581726,1.055716119437459,0.8296622442014981,,0.9676726014606631,0,0,20.1
mem2_dc,room5,monovio,run_01,,0.445307733823981,0.23963134491464982,0.4185091176019266,1.0322915081619506,0.7398738678951746,,0.9697808181684706,0,0,20.1
mem2_dc,room5,monovio,run_02,,0.4345151077334685,0.23313069321972515,0.40781431959330305,1.0083714246036861,0.7512930979040326,,0.9680239734250791,0,0,20.1
mem2_dc,room6,mono,run_00,,0.3282613209052327,0.3446767508405973,0.6912205294191563,13.049224729756341,0.9203629885088951,,0.06375721732110051,1,0,16.1
mem2_dc,room6,mono,run_01,,0.4436004057473394,0.2739561230461207,0.5543288977664225,2.8221480359770097,0.6048345442715355,,0.7263744326293419,1,0,16.1
mem2_dc,room6,monovio,run_00,,0.11199740557376639,0.027147140199968355,0.08034182341891384,0.6679045290271756,0.9925497284904933,,0.9540799871891001,0,0,16.1
mem2_dc,room6,monovio,run_01,,0.15167926776360843,0.03648420906392505,0.10496529453948474,0.6570049132817579,0.9760225149546071,,0.9563570365459622,0,0,16.1
mem2_dc,room6,monovio,run_02,,0.13241813010416784,0.03745080248301247,0.09400513198470742,0.6642606618136113,0.9954443459308303,,0.9537004855980531,0,0,16.1
mf2_marg,room1,bimonovio,run_00,marginalization=1,5.946053487695784,0.4734010082484229,2.1842222622373444,0.783845821653989,1.0,,0.9844006478381853,0,0,58.1
mf2_marg,room1,bimonovio,run_01,marginalization=1,5.666462492778554,0.45958100714624167,2.0816623235109346,0.8030776650958212,1.0,,0.9844006478381853,0,0,58.1
mf2_marg,room1,bimonovio,run_02,marginalization=1,5.142870193825559,0.4091434378543268,1.85377237241569,0.806497604476916,1.0,,0.9836914223630218,0,0,58.1
mf2_margtd,room1,bimonovio,run_00,estimate_td=1 marginalization=1,3.040098586157739,0.2700528674454542,1.1936734061987202,0.6995822716362956,1.0,,0.9844006478381853,0,0,60.1
mf2_margtd,room1,bimonovio,run_01,estimate_td=1 marginalization=1,1.1721185355844208,0.1012150602172613,0.4468600492756954,0.6570371084425759,1.0,,0.9822762821134038,0,0,58.1
mf2_margtd,room1,bimonovio,run_02,estimate_td=1 marginalization=1,2.3024626358275917,0.19623387066146694,0.8493942195999526,0.7057757264098504,1.0,,0.9847552546577628,0,0,58.1
mf3_marg,room1,bimono,run_00,marginalization=1,0.1869877779040727,0.024067118341246054,0.05548418467760639,0.892645408478447,1.0,,0.9815670650925321,0,0,46.2
mf3_marg,room1,bimono,run_01,marginalization=1,0.2395254190718252,0.024086303546067073,0.05793001436899656,0.8901205398578896,1.0,,0.980504139097883,0,0,46.1
mf3_marg,room1,bimono,run_02,marginalization=1,0.2347520478335976,0.026410446219695412,0.06578868396476814,0.9730535960067326,1.0,,0.9815670650925321,0,0,48.1
mf3_marg,room1,bimonovio,run_00,marginalization=1,4.090635467820131,1.3878498280301355,3.488381082175888,8.717584025849913,1.0,,0.29823022621524214,1,0,64.1
mf3_marg,room1,bimonovio,run_01,marginalization=1,0.2672047281055942,0.02080729657376997,0.07052238825961175,0.7499589935970352,1.0,,0.9812124582729546,0,0,58.1
mf3_marg,room1,bimonovio,run_02,marginalization=1,0.23835904375820308,0.019921630213032695,0.06863372161280056,0.7643476968148369,1.0,,0.9812124582729546,0,0,56.1
mf3_margdtfix,magistrale2,bimonovio,run_00,"dataset_id=""tumvi_512_ds_dt2p5ms"" marginalization=1",118.98765944555156,36.48564938847747,133.86911735649187,29.945350687436036,1.0,,0.05911586541163763,5,0,184.1
mf3_margdtfix,magistrale2,bimonovio,run_01,"dataset_id=""tumvi_512_ds_dt2p5ms"" marginalization=1",0.0560027195230245,0.014228729824949278,0.042094091942298587,0.6801654319733318,1.0,,0.10222237712709585,7,0,220.1
mf3_margdtfix,magistrale2,bimonovio,run_02,"dataset_id=""tumvi_512_ds_dt2p5ms"" marginalization=1",0.06345536051842346,0.014744420221068498,0.045747334193748226,0.688886173841837,1.0,,0.15746281277871058,5,0,188.1
mf3_margsparsetd,room1,bimonovio,run_00,estimate_td=1 marginalization=1 sparsification=1,0.06046014299627104,0.0121673206645869,0.028287625460890996,0.6503933799500146,1.0,,0.9815670650925321,0,0,58.1
mf3_margsparsetd,room1,bimonovio,run_01,estimate_td=1 marginalization=1 sparsification=1,0.055434715021970046,0.012230617737279605,0.026733595362231823,0.6706977556514881,1.0,,0.9812124582729546,0,0,58.1
mf3_margsparsetd,room1,bimonovio,run_02,estimate_td=1 marginalization=1 sparsification=1,0.04559633740458811,0.012163257905137653,0.027464992696979298,0.6201189331056435,1.0,,0.9812124582729546,0,0,60.1
mf3_margtd,magistrale2,bimonovio,run_00,estimate_td=1 marginalization=1,1.2463081572538248,1.4803047594087702,,3.2908840047385954,1.0,,0.007493533849237174,6,0,186.1
mf3_margtd,magistrale2,bimonovio,run_01,estimate_td=1 marginalization=1,69.04994946116408,19.717635713914753,68.61868114439638,60.41951294094377,1.0,,0.08936903867888434,18,0,206.1
mf3_margtd,magistrale2,bimonovio,run_02,estimate_td=1 marginalization=1,2.835997849109485,1.3024534823998128,2.911188796410868,31.68071886601124,1.0,,0.061520329939569816,7,0,184.1
mf3_margtd,room1,bimonovio,run_00,estimate_td=1 marginalization=1,0.1110265761931597,0.013546395544518787,0.03646056956807357,0.6990573452287236,1.0,,0.9815670650925321,0,0,56.1
mf3_margtd,room1,bimonovio,run_01,estimate_td=1 marginalization=1,0.07246989633040211,0.013208835526644785,0.031932614327901725,0.6856755841327806,1.0,,0.9815670650925321,0,0,54.1
mf3_margtd,room1,bimonovio,run_02,estimate_td=1 marginalization=1,0.05733449068203355,0.012735128332929503,0.03141454387827344,0.6571704314957116,1.0,,0.980857846380802,0,0,64.1
mf3_margtd,room1,monovio,run_00,estimate_td=1 marginalization=1,0.18656994426120127,0.0463035751455295,0.12572874059048675,0.7416548000455964,0.9857399528145118,,0.9751769426651532,0,0,18.1
mf3_margtd,room1,monovio,run_01,estimate_td=1 marginalization=1,0.11945282243626876,0.04280027221655823,0.10113122177978391,0.765174094562966,0.9775734891974384,,0.9751769426651532,0,0,18.1
mf3_margtd,room1,monovio,run_02,estimate_td=1 marginalization=1,0.2242965749220686,0.0628042297991462,0.13554040445041357,0.8052983715399501,0.9508463036192097,,0.9751769426651532,0,0,18.1
mf_marg,room1,bimono,run_00,marginalization=1,0.2242729625803641,0.02394942454689891,0.055970573405935274,0.9010014432209943,1.0,,0.9822762838042621,0,0,48.1
mf_marg,room1,bimono,run_01,marginalization=1,0.2339504240410342,0.024096370057529414,0.059785625544051986,0.865156399100449,1.0,,0.9822762838042621,0,0,48.1
mf_marg,room1,bimono,run_02,marginalization=1,0.15577283977185033,0.0260081639666156,0.055902561480191515,0.9494105128545753,1.0,,0.980504139097883,0,0,48.1
mf_marg,room1,bimonovio,run_00,marginalization=1,2.342216098640014,0.18424945759379996,0.8066340369932054,0.7906361703890453,1.0,,0.9836914223630218,0,0,56.1
mf_marg,room1,bimonovio,run_01,marginalization=1,1.6341987353527676,0.12610496561792303,0.552279900051315,0.8003960969196802,1.0,,0.9819216769846847,0,0,56.1
mf_marg,room1,bimonovio,run_02,marginalization=1,5.595355429120894,0.4907826533317176,2.273401756977428,0.8005775778309955,1.0,,0.9847552546577628,0,0,58.1
mf_margdtfix,magistrale2,bimonovio,run_00,"dataset_id=""tumvi_512_ds_dt2p5ms"" marginalization=1",1.7128930779698837,0.8117407337956154,1.682900033555842,0.7341051960576536,1.0,,0.4255727441358118,1,0,156.1
mf_margdtfix,magistrale2,bimonovio,run_01,"dataset_id=""tumvi_512_ds_dt2p5ms"" marginalization=1",10.176470706525208,1.5119322432979956,6.405252630158488,1.076912655635381,1.0,,0.2539564543693173,1,0,164.2
mf_margsparsetd,room1,bimonovio,run_00,estimate_td=1 marginalization=1 sparsification=1,0.11984514683079117,0.01711512810739763,0.038816433202030855,0.6918248804146712,1.0,,0.9822762821134038,0,0,58.1
mf_margsparsetd,room1,bimonovio,run_01,estimate_td=1 marginalization=1 sparsification=1,0.05600892153111802,0.013020573730592183,0.029845980552181794,0.6964784932483243,1.0,,0.9826308973872732,0,0,58.1
mf_margsparsetd,room1,bimonovio,run_02,estimate_td=1 marginalization=1 sparsification=1,0.05922552852442333,0.012205178315445975,0.026777752666505457,0.6222318181003316,1.0,,0.9815670650925321,0,0,60.1
mf_margtd,room1,bimonovio,run_00,estimate_td=1 marginalization=1,1.4614732333433007,0.12396671139136071,0.523842678866048,0.6962050989032988,1.0,,0.9819216769846847,0,0,56.1
mf_margtd,room1,bimonovio,run_01,estimate_td=1 marginalization=1,1.658601175103752,0.1384688178978346,0.588021470314515,0.6840266900772437,1.0,,0.9822762821134038,0,0,58.1
mf_margtd,room1,bimonovio,run_02,estimate_td=1 marginalization=1,6.038108252994577,0.5214340604508164,2.420429729465465,0.7617064988624358,1.0,,0.9844006478381853,0,0,58.1
mf_margtd,room1,monovio,run_00,estimate_td=1 marginalization=1,0.11203264915768,0.03135514602135465,0.0772328952980563,0.7471627825664315,0.9916869799520511,,0.9751769426651532,0,0,18.1
mf_margtd,room1,monovio,run_01,estimate_td=1 marginalization=1,0.15274426804099686,0.048040365733065526,0.1274849318373663,0.7916161498892289,0.9875927883670816,,0.9762407749598943,0,0,18.1
mf_margtd,room1,monovio,run_02,estimate_td=1 marginalization=1,0.13168927012038098,0.03586836378507221,0.09534569500892763,0.8331240799725131,0.9833255967718184,,0.9751769426651532,0,0,18.1
mk_gyroinit,V1_01,monovio,run_00,"dataset_id=""eth""",1.5197056610895436,0.2732524837670156,0.9031402080040587,1.4153025160427777,0.455228270171139,,0.9020955014342159,0,0,22.1
mk_gyroinit,V1_02,monovio,run_00,"dataset_id=""eth""",0.16126124182994517,0.06426287732914067,0.15177050544063392,0.3835457107048368,1.0228450934426099,,0.8777062629304762,1,0,18.1
mk_gyroinit,V1_03,monovio,run_00,"dataset_id=""eth""",1.0685214272908692,0.5498069882884195,1.176884539644053,1.02351045149045,0.4583844014233971,,0.8519553083973295,1,0,22.1
mk_gyroinit,V2_01,monovio,run_00,"dataset_id=""eth""",0.085651572190299,0.021249892618085502,0.05337343758765832,0.2583073966417316,1.0071780268418324,,0.9530495799206924,0,0,18.2
mk_gyroinit,V2_02,monovio,run_00,"dataset_id=""eth""",0.3589880706812396,0.0818733439976681,0.21142094381003404,0.5210956905952199,0.932972702134041,,0.9556881161050492,0,0,18.1
mk_gyroinit,V2_03,monovio,run_00,"dataset_id=""eth""",1.3764860768822746,0.4217830139846262,1.2027471057203467,0.9897952027668262,0.621263094347065,,0.9040685222714187,1,0,16.1
mk_gyroinit,room1,monovio,run_00,,0.23816311976259888,0.059411236409596675,0.13159522940254914,0.9449213056088314,0.9601238738769876,,0.9780222684222597,0,0,20.1
mk_gyroinit,room2,monovio,run_00,,0.6928472919182392,0.2679441655993791,0.5528054828609388,1.0118317909310508,0.7337365459987889,,0.9888969759174281,0,0,28.1
mk_gyroinit,room3,monovio,run_00,,0.29200311689926745,0.06361714316776879,0.1404427129445165,1.0636473103143338,0.9658957228976663,,0.9762399028256862,0,0,26.1
mk_gyroinit,room4,monovio,run_00,,0.1393331483535593,0.05606804881551358,0.12435624444552414,0.9633670546924561,0.9464866091466675,,0.9820347218877805,0,0,16.1
mk_gyroinit,room5,monovio,run_00,,0.4338702849092056,0.23578530293014688,0.43584247162065964,1.0598669908634586,0.7405817244737019,,0.9729443654416134,0,0,22.1
mk_gyroinit,room6,monovio,run_00,,0.13044866868573476,0.029095697597344393,0.08399896880989331,0.7021107731919554,0.9972462194582997,,0.9563570365459622,0,0,18.1
mk_monokf,V1_01,mono,run_00,"dataset_id=""eth""",0.9025390700189739,0.2306021213281232,0.6781869449743523,0.9183250472124899,0.5874118102942374,,0.9347303331974421,0,0,16.1
mk_monokf,V1_01,monovio,run_00,"dataset_id=""eth""",0.3442342278649293,0.07210402933000244,0.23943304956296405,0.5334793542245664,0.9767207604081445,,0.9003778769855696,0,0,20.1
mk_monokf,V1_02,mono,run_00,"dataset_id=""eth""",1.3826478138586638,0.7701957536245287,1.8832987182993282,3.1109191744160536,0.22915976622862308,,0.925687537521281,0,0,10.1
mk_monokf,V1_02,monovio,run_00,"dataset_id=""eth""",0.26808088009449316,0.08288873055011567,0.20856158013247197,0.33840335035008007,0.9927308699305202,,0.8771211231897333,1,0,12.1
mk_monokf,V1_03,mono,run_00,"dataset_id=""eth""",0.07683311628755932,0.11464881080260937,,4.079358475112079,0.8606509823538081,,0.026536314216454353,5,0,10.1
mk_monokf,V1_03,monovio,run_00,"dataset_id=""eth""",1.3164856617450438,0.6197439533666403,1.379662826310097,0.8379570077652879,0.2961273828308732,,0.8552141551712338,2,0,16.1
mk_monokf,V2_01,mono,run_00,"dataset_id=""eth""",0.6781292222734243,0.129490932086493,0.39316574504139556,0.9515006599251611,3.8244310459014157,,0.9504168466906524,0,0,10.1
mk_monokf,V2_01,monovio,run_00,"dataset_id=""eth""",0.5497019733052769,0.6016327373468474,1.7965598677860783,24.172085211405037,0.00014352585618652034,,0.046511627371734976,1,0,14.1
mk_monokf,V2_02,mono,run_00,"dataset_id=""eth""",0.7826221777773213,0.33280906662109094,0.8872837711951006,3.7514461974449502,0.39567854508529765,,0.8274392840523505,1,0,12.1
mk_monokf,V2_02,monovio,run_00,"dataset_id=""eth""",0.5416186195230087,0.13066180141352324,0.37291166066927234,0.5349823192858475,0.8899944626339354,,0.9697486176669561,0,0,14.1
mk_monokf,V2_03,mono,run_00,"dataset_id=""eth""",0.34796919304042584,0.6649538680446663,,16.242198118934944,0.7203869712334003,,0.03554603724603012,17,0,12.1
mk_monokf,V2_03,monovio,run_00,"dataset_id=""eth""",0.011777460067725782,0.02544935642130481,,0.5237736171259626,1.0932256501186355,,0.023554605848417332,4,0,16.1
mk_monokf,room1,mono,run_00,,0.446412931032776,0.37497230098383666,0.7046134706308498,5.694296071793058,0.4352889737216867,,0.7939691565720759,2,0,18.1
mk_monokf,room1,monovio,run_00,,0.3795963880474576,0.14334643200811797,0.2807832644893207,0.9442275801217852,0.8632518792717416,,0.9794403135665755,0,0,32.1
mk_monokf,room2,mono,run_00,,0.13806846125519648,0.2000871673943744,0.15612945204529674,13.150060748076434,0.5538023254088466,,0.036798397528378164,3,0,18.1
mk_monokf,room2,monovio,run_00,,0.704989391362673,0.2928162593197195,0.6162599218027359,0.9974924955878797,0.7038131972118258,,0.9909795861204946,0,0,20.1
mk_monokf,room3,mono,run_00,,0.02906412705249117,0.07662122259179431,,11.25801111858097,0.2655172396750114,,0.012768267606369253,6,0,18.1
mk_monokf,room3,monovio,run_00,,0.4764457874204639,0.11420762360338155,0.23580581920471588,1.0760596796263735,0.911117029391494,,0.9751759702813104,0,0,28.1
mk_monokf,room4,mono,run_00,,0.06717108130208736,0.09973298144633096,,24.172583909969035,0.5139261089195144,,0.04445114311577528,7,0,18.1
mk_monokf,room4,monovio,run_00,,0.21402004547365952,0.04946072218282494,0.12457272327145316,0.8779414197692207,0.9461498502624086,,0.9824837497834632,0,0,32.1
mk_monokf,room5,mono,run_00,,0.09553773622926724,0.17474856831214516,0.1958440100087389,12.599146996075087,0.5407117355047064,,0.060783357342458044,3,0,20.2
mk_monokf,room5,monovio,run_00,,0.4195580518098444,0.21356320881882646,0.4150414582506739,1.0326225436038101,0.7755558403203364,,0.9729443654416134,0,0,42.1
mk_monokf,room6,mono,run_00,,0.31121672804810074,0.17304048285949591,0.39779560543467596,0.8939466677653628,0.2840872880441306,,0.9210609782289347,0,0,18.1
mk_monokf,room6,monovio,run_00,,0.16346690508972986,0.036744834505919845,0.11913561482178749,0.7153646246435098,0.9668487151106174,,0.953320974959147,0,0,20.1
mtfix,room1,bimono,run_00,multithreading=1,0.24549483915972592,0.02303448831563482,0.057564959337679966,0.8908566714322991,1.0,,0.9801495272057305,0,0,18.1
mtfix,room1,bimono,run_01,multithreading=1,0.20302985188888376,0.025666767552752948,0.05972613796963554,0.9283735952269313,1.0,,0.9819216719121096,0,0,18.1
mtfix,room1,bimonovio,run_00,multithreading=1,0.299243840150332,0.02662174488460798,0.08144751902976541,0.9170909348825292,1.0,,0.979794920386153,0,0,28.1
mtfix,room1,bimonovio,run_01,multithreading=1,0.27576388891431913,0.026315387025405035,0.08114689206901457,0.8891574269178762,1.0,,0.979794920386153,0,0,28.1
mtfix,room1,bimonovio,run_02,multithreading=1,0.2529972926687235,0.02835122822815516,0.0839421514470241,0.9036003363279752,1.0,,0.9815670650925321,0,0,28.1
mtfix,room1,mono,run_00,multithreading=1,0.481831881779691,0.38516230098792464,0.7061362593463044,5.716954416724207,0.2946593608937313,,0.7921972080052689,1,0,18.1
mtfix,room1,mono,run_01,multithreading=1,0.509092223513191,0.4203953269002765,0.7162297444744476,5.293339831228931,0.3749745726092486,,0.7918426789651769,2,0,18.1
mtfix_marg,room1,bimonovio,run_00,marginalization=1 multithreading=1,0.20422486890940342,0.019315745734581637,0.06564070129796881,0.7402615647346379,1.0,,0.9812124582729546,0,0,74.1
mtfix_marg,room1,bimonovio,run_01,marginalization=1 multithreading=1,0.22255298416900315,0.020221204411458502,0.06572832210797325,0.7773109128288334,1.0,,0.9812124582729546,0,0,96.1
mtfix_marg,room1,bimonovio,run_02,marginalization=1 multithreading=1,0.22992850753021113,0.020429254450773104,0.06748995359658805,0.8061070187038494,1.0,,0.9812124582729546,0,0,52.1
mtfix_marg,room1,bimonovio,run_03,marginalization=1 multithreading=1,0.1936884632155082,0.020848847645083195,0.06875688887654118,0.7917659790790662,1.0,,0.9826308973872732,0,0,52.1
mtfix_margtd,room1,bimonovio,run_00,estimate_td=1 marginalization=1 multithreading=1,0.09216765849777614,0.01356764404190367,0.03786591536371433,0.6660950857654985,1.0,,0.9805041374070247,0,0,72.1
mtfix_margtd,room1,bimonovio,run_01,estimate_td=1 marginalization=1 multithreading=1,0.07231900331193565,0.01301912670734305,0.03489278591585944,0.6492202064677607,1.0,,0.9815670650925321,0,0,68.1
mtfix_margtd,room1,bimonovio,run_02,estimate_td=1 marginalization=1 multithreading=1,0.0927553064722311,0.013284564006741486,0.03517026811181919,0.6813547740405294,1.0,,0.9815670650925321,0,0,80.1
mtfix_margtd,room1,bimonovio,run_03,estimate_td=1 marginalization=1 multithreading=1,0.08070837493569816,0.013689416615199778,0.040018901332429364,0.6204212740207489,1.0,,0.9815670650925321,0,0,74.1
mtfix_margtd,room1,bimonovio,run_04,estimate_td=1 marginalization=1 multithreading=1,0.09817658575698786,0.013546939851036107,0.038933059376546585,0.6357202485580908,1.0,,0.9829855025159921,0,0,72.1
mtfix_margtd,room1,bimonovio,run_05,estimate_td=1 marginalization=1 multithreading=1,0.08430210295658701,0.013662205061949293,0.039513558342191786,0.6667494996559933,1.0,,0.9812124582729546,0,0,68.1
mtfix_margtd,room1,monovio,run_00,estimate_td=1 marginalization=1 multithreading=1,0.21943171511861376,0.05862369229147287,0.1463082551052061,0.8498990497309264,0.9748661707891021,,0.9780222684222597,0,0,22.1
mtfix_margtd,room1,monovio,run_01,estimate_td=1 marginalization=1 multithreading=1,0.17127442624485167,0.04838611304606924,0.11894047163345893,0.7938937405603533,0.974399012153458,,0.9780222684222597,0,0,22.1
mtfix_margtd,room1,monovio,run_02,estimate_td=1 marginalization=1 multithreading=1,0.20989124640041754,0.053275559211971656,0.12913520284102342,0.8218118809573115,0.9601635688457173,,0.9780222684222597,0,0,22.1
n3_d,rs_13_18_29,bimonovio,run_00,"dataset_id=""realsense_d455_vio_noise3""",0.0739161089038298,0.03659012436083297,0.06161307376539929,,1.0120768084394345,,0.8402226085209579,0,0,10.1
n3_d,rs_13_36_44,bimonovio,run_00,"dataset_id=""realsense_d455_vio_noise3""",1.9722815842292951,1.9023725055978191,2.607337412021181,,0.4209451738478679,,0.2933751133757122,1,0,14.1
n3_d,rs_13_45_18,bimonovio,run_00,"dataset_id=""realsense_d455_vio_noise3""",15.56650211993526,3.9403302315518154,12.850911164629737,,0.019364577953556016,,0.9459177466604959,0,0,10.1
n3_mt,rs_13_18_29,bimonovio,run_00,"dataset_id=""realsense_d455_vio_noise3"" estimate_td=1 marginalization=1",1.535378658073532,0.9301816763380693,1.7637213076613663,,0.6319099760474313,,0.8610566355871034,0,0,12.1
n3_mt,rs_13_36_44,bimonovio,run_00,"dataset_id=""realsense_d455_vio_noise3"" estimate_td=1 marginalization=1",15.604422742760677,3.1096767802655734,10.872347247877874,,0.025288258564659723,,0.9483875516003928,0,0,20.1
n3_mt,rs_13_45_18,bimonovio,run_00,"dataset_id=""realsense_d455_vio_noise3"" estimate_td=1 marginalization=1",5.70439780090791,1.5483097587489818,4.341267295969503,,0.12736142530714092,,0.9459177466604959,0,0,16.1
n4_d,rs_13_18_29,bimonovio,run_00,"dataset_id=""realsense_d455_vio_noise4""",0.07040947464198923,0.023554954545390302,0.0477957574722852,,1.007757119669845,,0.8402226085209579,0,0,10.1
n4_d,rs_13_36_44,bimonovio,run_00,"dataset_id=""realsense_d455_vio_noise4""",0.6471533585134646,0.17029194237838555,0.45279324324609427,,0.8776640423491661,,0.9256032500713812,0,0,12.1
n4_d,rs_13_45_18,bimonovio,run_00,"dataset_id=""realsense_d455_vio_noise4""",0.21928510289185335,0.07035850258987933,0.20063681678624531,,0.9953692205526408,,0.9065830171606369,0,0,8.1
n4_m,rs_13_36_44,bimonovio,run_00,"dataset_id=""realsense_d455_vio_noise4"" marginalization=1",1.346425939048927,0.30103966295647416,0.7650760312306005,,0.6307611635399973,,0.9285822120987064,0,0,24.1
n4_m,rs_13_45_18,bimonovio,run_00,"dataset_id=""realsense_d455_vio_noise4"" marginalization=1",0.44692743650177724,0.13185779391391103,0.4160920530382527,,0.9658697414683478,,0.902481599298579,0,0,18.1
n4_mt,rs_13_18_29,bimonovio,run_00,"dataset_id=""realsense_d455_vio_noise4"" estimate_td=1 marginalization=1",0.056323208221858774,0.021265114782557843,0.051062251780562916,,1.0037790067780645,,0.8402226085209579,0,0,12.1
n4_mt,rs_13_36_44,bimonovio,run_00,"dataset_id=""realsense_d455_vio_noise4"" estimate_td=1 marginalization=1",10.90969793468363,3.430133314873626,7.022469172605697,,0.048052730947189363,,0.9387087884627395,0,0,24.1
n4_mt,rs_13_45_18,bimonovio,run_00,"dataset_id=""realsense_d455_vio_noise4"" estimate_td=1 marginalization=1",3.4543883524945134,1.2185765262425712,3.4659954935348893,,0.2548984110753075,,0.9114951575816116,0,0,18.1
n5_d,rs_13_36_44,bimonovio,run_00,"dataset_id=""realsense_d455_vio_noise5""",0.2481503639758087,0.0676466976936565,0.197811824726103,,1.0066297274826468,,0.9220286689013515,0,0,12.1
n5_d,rs_13_45_18,bimonovio,run_00,"dataset_id=""realsense_d455_vio_noise5""",0.036956822332505426,0.029676879312236625,0.051505046514314465,,1.0027883509430142,,0.8740081547522375,0,0,8.1
n5_mt,rs_13_36_44,bimonovio,run_00,"dataset_id=""realsense_d455_vio_noise5"" estimate_td=1 marginalization=1",3.070504675705397,1.4016994540442202,3.8031606102459126,,0.23102026879099344,,0.9244105560947471,0,0,22.1
n5_mt,rs_13_45_18,bimonovio,run_00,"dataset_id=""realsense_d455_vio_noise5"" estimate_td=1 marginalization=1",2.5916712565291777,1.0872016029713258,2.1319418362528957,,0.3870464980992375,,0.890189014896649,0,0,20.1
n6_d,rs_13_21_59,bimonovio,run_00,"dataset_id=""realsense_d455_vio_noise6""",0.316032769394606,0.0649901793505334,0.2062987249380058,,0.9951668975881874,,0.8896416344781293,0,0,12.1
n6_d,rs_13_36_44,bimonovio,run_00,"dataset_id=""realsense_d455_vio_noise6""",0.14732904954650633,0.05090873882942785,0.13420016898430065,,1.01935732535266,,0.9232205320688475,0,0,12.1
n6_d,rs_13_45_18,bimonovio,run_00,"dataset_id=""realsense_d455_vio_noise6""",0.09779947656118784,0.036150869889789446,0.08544592653922177,,1.0059091454137792,,0.8819935597239742,0,0,8.1
n6_m,rs_13_21_59,bimonovio,run_00,"dataset_id=""realsense_d455_vio_noise6"" marginalization=1",0.6449278030633822,0.13397233213972934,0.45953253566345154,,0.9186330404578098,,0.8989003936899269,0,0,22.1
n6_m,rs_13_36_44,bimonovio,run_00,"dataset_id=""realsense_d455_vio_noise6"" marginalization=1",4.33178390114522,1.6051044016001437,3.9139991360039583,,0.1135337956524415,,0.9142885740342385,0,0,26.1
n6_m,rs_13_45_18,bimonovio,run_00,"dataset_id=""realsense_d455_vio_noise6"" marginalization=1",0.04852650884903396,0.03176925704045533,0.057758096389168144,,1.0005812329262544,,0.8877283849609664,0,0,14.1
n6_mt,rs_13_21_59,bimonovio,run_00,"dataset_id=""realsense_d455_vio_noise6"" estimate_td=1 marginalization=1",0.20226466706180124,0.057591124185262695,0.17961064959041742,,1.0041156770534956,,0.9041255912060178,0,0,22.1
n6_mt,rs_13_36_44,bimonovio,run_00,"dataset_id=""realsense_d455_vio_noise6"" estimate_td=1 marginalization=1",4.647595650520962,1.1519349549750697,2.9150843181587685,,0.1025217836758322,,0.9232205320688475,0,0,24.1
n6_mt,rs_13_45_18,bimonovio,run_00,"dataset_id=""realsense_d455_vio_noise6"" estimate_td=1 marginalization=1",1.2729848482238688,0.4291438669599559,0.9588016426331836,,0.6842164952309929,,0.8789223271450185,0,0,20.1
opt2_analytic,room1,bimono,run_00,optimizer=Analytic,0.12198090327106434,0.021904744650953833,0.050790839597337434,0.9003130170890593,1.0,,0.9822762838042621,0,0,18.1
opt2_analytic,room1,bimonovio,run_00,optimizer=Analytic,0.23240797350784415,0.02178174933995559,0.06453549304696701,0.8780735385648294,1.0,,0.9812124582729546,0,0,26.1
opt2_analytic,room1,mono,run_00,optimizer=Analytic,0.9094129038499597,0.888951226855575,1.5081975833201537,5.283323142668653,0.23988755792857408,,0.7936151500072235,0,0,18.1
opt2_analytic,room1,monovio,run_00,optimizer=Analytic,0.13476401135544908,0.050975428077501765,0.13273122517662062,0.9206875480919298,0.998986055290003,,0.9414881095135696,0,0,18.1
opt2_analytic_marg_sparse,room1,bimono,run_00,marginalization=1 optimizer=Analytic sparsification=1,,,,,,,0.0,0,0,56.1
opt2_analytic_marg_sparse,room1,bimonovio,run_00,marginalization=1 optimizer=Analytic sparsification=1,0.14925931872853979,0.019877656740457588,0.05544324271838803,0.7926967775418793,1.0,,0.9822762821134038,0,0,58.1
opt2_analytic_marg_sparse,room1,mono,run_00,marginalization=1 optimizer=Analytic sparsification=1,0.03045891981871137,0.09980671101048107,,5.710777877192646,0.22243202392833342,,0.008152132128624692,0,0,18.1
opt2_analytic_marg_sparse,room1,monovio,run_00,marginalization=1 optimizer=Analytic sparsification=1,0.25390286955896657,0.06670942792285067,0.1493290751385919,0.926329702455471,0.953572895039229,,0.9758861698311752,0,0,18.1
opt2_default,room1,bimono,run_00,,0.17405826311360884,0.024933262507995744,0.06314924497550542,0.9394563694877315,1.0,,0.9815670650925321,0,0,18.1
opt2_default,room1,bimonovio,run_00,,0.28099140109711407,0.02703429070124278,0.08057335394007767,0.9038477501729758,1.0,,0.9812124582729546,0,0,24.1
opt2_default,room1,mono,run_00,,0.7545771292262383,0.7516409126600762,1.2642534315831124,7.485951485743478,0.3473844732233917,,0.78653359500742,0,0,18.1
opt2_default,room1,monovio,run_00,,0.20978164181735692,0.0600795487921812,0.14246705020492823,0.9600199150077939,0.9659601052354838,,0.9751769426651532,0,0,18.1
opt2_marg,room1,bimono,run_00,marginalization=1,0.1870604074145938,0.025133019411168283,0.05727557349045836,0.9369568370450153,1.0,,0.9812124532003794,0,0,52.1
opt2_marg,room1,bimonovio,run_00,marginalization=1,0.18153706150223944,0.021635551902435022,0.06621610771188717,0.7910871599829502,1.0,,0.9812124582729546,0,0,82.1
opt2_marg,room1,mono,run_00,marginalization=1,0.17687219143571775,0.2534522565746007,,13.015585793914324,0.5753666132401705,,0.02660407904772398,0,0,18.1
opt2_marg,room1,monovio,run_00,marginalization=1,0.3221038232963003,0.1031085563828071,0.19021056758504098,0.952588257776009,0.9084996847377032,,0.9751769426651532,0,0,18.1
opt2_marg_sparse,room1,bimono,run_00,marginalization=1 sparsification=1,0.14334475564753762,0.025229568490480296,0.05938374464152809,0.9548469696931345,1.0,,0.9819216719121096,0,0,50.2
opt2_marg_sparse,room1,bimonovio,run_00,marginalization=1 sparsification=1,0.18369766265462895,0.025631637081126396,0.06945583589191552,0.7881198030287908,1.0,,0.9822762821134038,0,0,70.1
opt2_marg_sparse,room1,mono,run_00,marginalization=1 sparsification=1,0.12484026904143307,0.2011766581278673,,13.00052814193171,0.7571306760043486,,0.024476424603392173,0,0,18.1
opt2_marg_sparse,room1,monovio,run_00,marginalization=1 sparsification=1,0.3024407878507507,0.09918993122899646,0.20226103440482268,0.9372967054529766,0.9192633287583951,,0.9464526151328044,0,0,18.1
opt2_mt,room1,bimono,run_00,multithreading=1,0.1273433409153607,0.033422554002458985,0.06583573085779189,1.0347268574887685,1.0,,0.9840460291825992,0,0,20.1
opt2_mt,room1,bimonovio,run_00,multithreading=1,0.24793509254029306,0.024702388200130942,0.07398538596590032,0.9138220944216494,1.0,,0.9812124582729546,0,0,26.1
opt2_mt,room1,mono,run_00,multithreading=1,0.06566625160915113,0.10467423546205647,,12.171167276945576,0.7594751463633308,,0.02731329775945404,0,0,18.1
opt2_mt,room1,monovio,run_00,multithreading=1,0.26525695858864917,0.08125680037215617,0.17590750806646893,0.9989121398754909,0.944270425523146,,0.9368781819693199,0,0,20.1
opt2_mt3,room1,bimono,run_00,multithreading=1,0.13703795286772935,0.02502637410886981,0.06122592495206933,0.9618850893816165,1.0,,0.9854644733694928,0,0,20.1
opt2_mt3,room1,bimono,run_01,multithreading=1,0.1195316411124962,0.02506784643008182,0.06027347564057664,0.9513699524275157,1.0,,0.9815670650925321,0,0,20.1
opt2_mt3,room1,bimono,run_02,multithreading=1,0.13478107723716898,0.023716635319776247,0.05411331397071236,0.884685670403132,1.0,,0.9854644733694928,0,0,20.1
opt2_mt3,room1,bimonovio,run_00,multithreading=1,0.23792399109539464,0.025062836481139054,0.07529471692398959,0.8821319277143298,1.0,,0.9815670650925321,0,0,26.1
opt2_mt3,room1,bimonovio,run_01,multithreading=1,0.2569643878190984,0.025111618950569715,0.0743407737283566,0.8808866045467387,1.0,,0.9815670650925321,0,0,26.1
opt2_mt3,room1,bimonovio,run_02,multithreading=1,0.2766082213093231,0.025526763264910046,0.07759571155423846,0.8980876577565626,1.0,,0.9822762821134038,0,0,26.1
opt2_mt3,room1,mono,run_00,multithreading=1,0.10144582145404869,0.17053949369185156,,12.17497887797492,0.5462286285879641,,0.025182800982184464,0,0,18.1
opt2_mt3,room1,mono,run_01,multithreading=1,0.6731695286230778,0.5582568481694706,0.9140256690243194,5.986464197094289,0.22758628415313975,,0.7914880586187324,0,0,18.1
opt2_mt3,room1,mono,run_02,multithreading=1,0.16609995522432136,0.2532105968594466,,13.090281583109757,0.5766239352936461,,0.024474874086257172,0,0,18.1
opt2_mt3,room1,monovio,run_00,multithreading=1,0.3163261445687171,0.097432471870114,0.2022548050627524,0.9641040751576464,0.9207171083650235,,0.9751769426651532,0,0,18.1
opt2_mt3,room1,monovio,run_01,multithreading=1,0.21697161518036936,0.060305564103087406,0.14903909946720575,0.9697500551902467,0.9662266020110633,,0.9758861698311752,0,0,18.1
opt2_mt3,room1,monovio,run_02,multithreading=1,0.5834185664749889,0.3769479723874477,0.6827064500759449,1.2235404504363938,0.6341442213932447,,0.9751769426651532,0,0,20.1
opt2_numeric,room1,bimono,run_00,optimizer=Numeric,0.12664183645950672,0.02272641391127413,0.05241150216907151,0.9081617122976935,1.0,,0.9801495272057305,0,0,20.1
opt2_numeric,room1,bimonovio,run_00,optimizer=Numeric,0.19614995184859652,0.023478334623413373,0.06582380316493588,0.8983303472868563,1.0,,0.9812124582729546,0,0,28.1
opt2_numeric,room1,mono,run_00,optimizer=Numeric,0.22068373126907273,0.20353272407158557,0.37022665092897905,5.228116518813341,0.8956329965906081,,0.4641910722319043,0,0,18.1
opt2_numeric,room1,monovio,run_00,optimizer=Numeric,0.21076440158293946,0.06191969980989948,0.13871344123296542,0.925073280395918,0.9670214794881163,,0.9762407749598943,0,0,20.1
opt2_numeric_marg,room1,bimono,run_00,marginalization=1 optimizer=Numeric,,,,,,,,,,
opt2_numeric_marg,room1,bimonovio,run_00,marginalization=1 optimizer=Numeric,,,,,,,,,,
opt2_numeric_marg,room1,mono,run_00,marginalization=1 optimizer=Numeric,,,,,,,,,,
opt2_numeric_marg,room1,monovio,run_00,marginalization=1 optimizer=Numeric,,,,,,,,,,
opt2_td,room1,bimono,run_00,estimate_td=1,0.18112379160225728,0.023163608610792467,0.056956765319115345,0.912105219416545,1.0,,0.9819216719121096,0,0,18.1
opt2_td,room1,bimonovio,run_00,estimate_td=1,0.18781066029589302,0.0176328199760483,0.04971674844315478,0.7499410038741283,1.0,,0.9826308973872732,0,0,24.1
opt2_td,room1,mono,run_00,estimate_td=1,0.5625122165127461,0.4317357136324152,0.7798616815270092,6.277552077980587,0.24701039967512908,,0.7907788399070024,0,0,18.1
opt2_td,room1,monovio,run_00,estimate_td=1,0.2804405235957367,0.09158732749893835,0.18862577970093136,0.7796169805580979,0.9177863998507094,,0.9751769426651532,0,0,18.1
opt3_analytic,room1,bimono,run_00,optimizer=Analytic,0.21852565328568224,0.024568871277153296,0.0594391865056745,0.8987640424392342,1.0,,0.9819216719121096,0,0,18.1
opt3_analytic,room1,bimonovio,run_00,optimizer=Analytic,0.24341032965847476,0.02204673822006427,0.06550130550064881,0.8851844754891024,1.0,,0.9812124582729546,0,0,26.1
opt3_analytic,room1,mono,run_00,optimizer=Analytic,0.019421103087701543,,,,0.6431100654456492,,0.006019178534128115,0,0,18.1
opt3_analytic,room1,monovio,run_00,optimizer=Analytic,0.2948163842168508,0.09346633197169914,0.2162077863911737,0.9344174283103626,0.9312685864396446,,0.9751769426651532,0,0,18.1
opt3_analytic_marg_sparse,room1,bimono,run_00,marginalization=1 optimizer=Analytic sparsification=1,0.1783226737222124,0.025432028473305973,0.06593498497713027,0.9219638087915742,1.0,,0.9819216719121096,0,0,50.1
opt3_analytic_marg_sparse,room1,bimonovio,run_00,marginalization=1 optimizer=Analytic sparsification=1,0.15135104859659096,0.018759810934616088,0.05485195395928363,0.790248874772081,1.0,,0.9815670650925321,0,0,60.1
opt3_analytic_marg_sparse,room1,mono,run_00,marginalization=1 optimizer=Analytic sparsification=1,0.0711188765423308,0.09276794179842188,,11.892502295954595,0.5863992563751537,,0.02660252853058898,0,0,18.1
opt3_analytic_marg_sparse,room1,monovio,run_00,marginalization=1 optimizer=Analytic sparsification=1,0.16115713614215252,0.05076966904603196,0.1359697435572426,0.9484045097169129,0.9831162721045461,,0.9751769426651532,0,0,18.1
opt3_default,room1,bimono,run_00,,0.16564360439599937,0.02331139449797174,0.05665675819954272,0.8991604360507723,1.0,,0.9829855042068506,0,0,18.1
opt3_default,room1,bimonovio,run_00,,0.270259560579951,0.02660712367803284,0.07915107435022979,0.8859828263754098,1.0,,0.979794920386153,0,0,24.1
opt3_default,room1,mono,run_00,,0.32681787221295183,0.4033748095203606,,10.87042548498348,0.5342894479582821,,0.02802100653465024,0,0,18.1
opt3_default,room1,monovio,run_00,,0.34381283404524005,0.1216872157172497,0.2525462800845943,0.9898104622441954,0.8968266334641118,,0.9755315562481642,0,0,18.1
opt3_marg,room1,bimono,run_00,marginalization=1,0.19362518662381278,0.02510782063835726,0.061432585012713745,0.9343512528056082,1.0,,0.9819216719121096,0,0,48.1
opt3_marg,room1,bimonovio,run_00,marginalization=1,0.2421053828259823,0.020327315199591776,0.06912128297817074,0.7778980393906669,1.0,,0.9812124582729546,0,0,56.1
opt3_marg,room1,mono,run_00,marginalization=1,0.6915916643719044,0.6886772037327792,1.1724868317125845,6.601507799854671,0.32148381548630744,,0.7904313397651985,0,0,18.1
opt3_marg,room1,monovio,run_00,marginalization=1,0.29880561137834644,0.0853528242005505,0.17311406898791362,0.9091871350133177,0.9294194197775901,,0.9751769426651532,0,0,18.1
opt3_marg_sparse,room1,bimono,run_00,marginalization=1 sparsification=1,0.1526254798613687,0.023743854539035426,0.054092190632795537,0.9193658452287916,1.0,,0.9819216719121096,0,0,48.2
opt3_marg_sparse,room1,bimonovio,run_00,marginalization=1 sparsification=1,0.18184672807148985,0.02038241387779021,0.06542086197245417,0.7524993691686521,1.0,,0.9812124582729546,0,0,58.1
opt3_marg_sparse,room1,mono,run_00,marginalization=1 sparsification=1,0.012606648499534074,0.05894736562584614,,2.380654559302165,0.2423078932373097,,0.009218625834456788,0,0,18.1
opt3_marg_sparse,room1,monovio,run_00,marginalization=1 sparsification=1,0.2970393228794259,0.08339016756820163,0.17512438570593383,0.8965823072716781,0.9347690279683972,,0.9751769426651532,0,0,18.1
opt3_mt,room1,bimono,run_00,multithreading=1,0.1387328110032643,0.025743663255430344,0.06280522847644819,0.9136179274936551,1.0,,0.9851098614773403,0,0,20.1
opt3_mt,room1,bimonovio,run_00,multithreading=1,0.2634053510058082,0.026058378185240125,0.07411855296627085,0.8733966069048579,1.0,,0.9822762821134038,0,0,26.1
opt3_mt,room1,mono,run_00,multithreading=1,0.15479458022600912,0.20670459046380366,,11.964802820616796,0.558572288818522,,0.025182802673042844,0,0,18.1
opt3_mt,room1,monovio,run_00,multithreading=1,0.2378460007169359,0.07687987167561978,0.16174104910400777,0.9325081672636494,0.9395127997790681,,0.9758861698311752,0,0,20.1
opt3_numeric,room1,bimono,run_00,optimizer=Numeric,0.12241705849597269,0.026118453071295268,0.06224117815285214,0.8859644847653355,1.0,,0.9826308889329812,0,0,20.1
opt3_numeric,room1,bimonovio,run_00,optimizer=Numeric,0.2569597673124204,0.02448741986003665,0.0709655759706401,0.8847901664030369,1.0,,0.9815670650925321,0,0,28.1
opt3_numeric,room1,mono,run_00,optimizer=Numeric,0.5020414934267515,0.4116271972057104,0.6574349526696182,4.151191705743116,1.7061478646169193,,0.8198590846741736,0,0,18.1
opt3_numeric,room1,monovio,run_00,optimizer=Numeric,0.30971212363530976,0.0870641939953868,0.1832213900977411,0.9723110152295723,0.926872721021437,,0.9304951814374401,0,0,20.1
opt3_numeric_marg,room1,bimono,run_00,marginalization=1 optimizer=Numeric,,,,,,,,,,
opt3_numeric_marg,room1,bimonovio,run_00,marginalization=1 optimizer=Numeric,,,,,,,,,,
opt3_numeric_marg,room1,mono,run_00,marginalization=1 optimizer=Numeric,,,,,,,,,,
opt3_numeric_marg,room1,monovio,run_00,marginalization=1 optimizer=Numeric,,,,,,,,,,
opt3_td,room1,bimono,run_00,estimate_td=1,0.17525425040293613,0.024463989568750517,0.05344454964287347,0.9235435276961577,1.0,,0.9819216719121096,0,0,18.1
opt3_td,room1,bimonovio,run_00,estimate_td=1,0.15190193781599529,0.017106587084611456,0.049504484605483255,0.7700382646251733,1.0,,0.979794920386153,0,0,24.1
opt3_td,room1,mono,run_00,estimate_td=1,0.03749821497617428,0.12184053391872729,,2.1521968311374406,0.33102471240932996,,0.009215959350790595,0,0,18.1
opt3_td,room1,monovio,run_00,estimate_td=1,0.1523186458749958,0.050008528545471574,0.12406769971096701,0.7172682464137943,0.9727751484820036,,0.9751769426651532,0,0,18.1
opt_analytic,room1,bimono,run_00,optimizer=Analytic,0.3400184929543452,0.0681437207147883,0.1664744785328337,1.7984109714975856,1.0,,0.9854644733694928,0,0,18.1
opt_analytic,room1,bimonovio,run_00,optimizer=Analytic,22.438786847358692,0.7208428161273787,3.373859010376981,0.7704621714249053,1.0,,0.9829855025159921,0,0,22.1
opt_analytic,room1,mono,run_00,optimizer=Analytic,0.3481124619225233,0.3988359494017148,0.8099272592222826,20.088951103642994,0.4630311830262661,,0.06312654567071217,0,0,18.1
opt_analytic,room1,monovio,run_00,optimizer=Analytic,1.086489452376933,1.0568241086495438,1.9234351156366067,1.9217831659288656,0.00026381602864624406,,0.7358225557484716,0,0,18.1
opt_analytic_marg_sparse,room1,bimono,run_00,marginalization=1 optimizer=Analytic sparsification=1,0.1868354886375757,0.029620292044156962,0.0750043017701184,0.9676522355918403,1.0,,0.9847552546577628,0,0,78.1
opt_analytic_marg_sparse,room1,bimonovio,run_00,marginalization=1 optimizer=Analytic sparsification=1,67.44683859077891,2.0395212709623194,9.884600267200057,0.79032163904329,1.0,,0.9829855025159921,0,0,64.1
opt_analytic_marg_sparse,room1,mono,run_00,marginalization=1 optimizer=Analytic sparsification=1,0.3059173935374769,0.5115868257261672,,14.78044801595647,0.1008616835101294,,0.02553410386448625,0,0,18.1
opt_analytic_marg_sparse,room1,monovio,run_00,marginalization=1 optimizer=Analytic sparsification=1,0.007688929532626545,0.021262717519920902,0.013907004645365952,0.48520653981263695,0.8988403998367654,,0.04822802387220143,0,1,2.0
opt_default,room1,bimono,run_00,,0.2313757524047365,0.025861485522481603,0.058565917201482826,0.9562742823422273,1.0,,0.9794403084940003,0,0,18.1
opt_default,room1,bimonovio,run_00,,0.23800528508542024,0.02429442034310943,0.07020565211358422,0.8976181139130285,1.0,,0.9815670650925321,0,0,24.1
opt_default,room1,mono,run_00,,0.022460229958964895,0.0784258916889816,,5.943584785438723,0.6258746332670042,,0.008152132128624692,0,0,18.1
opt_default,room1,monovio,run_00,,0.226715391414645,0.0628069692086421,0.1462250452904244,0.9629086106440935,0.9625313340592935,,0.9751769426651532,0,0,18.1
opt_marg,room1,bimono,run_00,marginalization=1,0.1664005849288278,0.024607066291621876,0.06138259615679913,0.9348117651976801,1.0,,0.9815670650925321,0,0,48.1
opt_marg,room1,bimonovio,run_00,marginalization=1,0.05309958541009279,0.01673461547690312,0.047692549367145426,0.33220420001476136,1.0,,0.22305851946215025,0,1,12.0
opt_marg,room1,mono,run_00,marginalization=1,,,,,,,0.0,0,1,4.0
opt_marg,room1,monovio,run_00,marginalization=1,0.3170158228316394,0.10579617544903297,0.20122484573474472,0.9138143286816288,0.9069831097003538,,0.9751769426651532,0,0,18.1
opt_marg_sparse,room1,bimono,run_00,marginalization=1 sparsification=1,0.15324502968482653,0.024216709039464945,0.0620419862719801,0.9240818940053146,1.0,,0.9815670650925321,0,0,50.1
opt_marg_sparse,room1,bimonovio,run_00,marginalization=1 sparsification=1,0.19914657040235545,0.021029926498480976,0.06513236533261685,0.7699014008997398,1.0,,0.9826308973872732,0,0,58.1
opt_marg_sparse,room1,mono,run_00,marginalization=1 sparsification=1,,,,,,,0.00035461358301098274,0,1,4.0
opt_marg_sparse,room1,monovio,run_00,marginalization=1 sparsification=1,0.0008450952700515124,0.0012370817785457321,0.001981873704901871,0.21907705472386746,1.013160972527683,,0.04751880685132975,0,1,2.0
opt_mt,room1,bimono,run_00,multithreading=1,0.0774003037559052,0.03847028052728065,0.08965604520224674,3.3364012196045807,1.0,,0.22730449143083625,0,1,6.0
opt_mt,room1,bimonovio,run_00,multithreading=1,0.021654609021898936,0.011118594819394815,0.025260188364719126,0.33588775131263826,1.0,,0.15496469516445918,0,1,4.0
opt_mt,room1,mono,run_00,multithreading=1,0.060869596739708716,0.0950509055773201,,12.886697775437959,0.7868860076108172,,0.026957133659308057,0,0,18.1
opt_mt,room1,monovio,run_00,multithreading=1,0.20642124151302918,0.05876757389519595,0.14988501567903006,0.9182788533146197,0.9789193930860541,,0.9748234315218064,0,0,18.1
opt_numeric,room1,bimono,run_00,optimizer=Numeric,0.22770853931728577,0.031017355655153126,0.0736502519554762,0.9851584223770411,1.0,,0.9840460291825992,0,0,18.1
opt_numeric,room1,bimonovio,run_00,optimizer=Numeric,521.3294340529992,62.493186258278804,279.115583979004,38.08235750821802,1.0,,0.3049629706579968,2,0,24.1
opt_numeric,room1,mono,run_00,optimizer=Numeric,0.43389156341817453,0.5176747686291319,0.8582209946206831,11.111020915094304,0.6864076212591131,,0.05461135581232383,0,0,18.1
opt_numeric,room1,monovio,run_00,optimizer=Numeric,0.8255570289341934,0.928486279489318,1.520106713464417,1.0045272371795035,0.0013033395731015611,,0.2273111077596795,0,0,18.1
opt_numeric_marg,room1,bimono,run_00,marginalization=1 optimizer=Numeric,,,,,,,,,,
opt_numeric_marg,room1,bimonovio,run_00,marginalization=1 optimizer=Numeric,,,,,,,,,,
opt_numeric_marg,room1,mono,run_00,marginalization=1 optimizer=Numeric,,,,,,,,,,
opt_numeric_marg,room1,monovio,run_00,marginalization=1 optimizer=Numeric,,,,,,,,,,
opt_td,room1,bimono,run_00,estimate_td=1,0.19178677607431321,0.024946051283384025,0.059798888302775896,0.9332295937515707,1.0,,0.9808587442266021,0,0,18.1
opt_td,room1,bimonovio,run_00,estimate_td=1,0.8053728464152393,0.382916217740501,1.1749434524405384,8.134139904923998,1.0,,0.0950362457982296,1,0,38.1
opt_td,room1,mono,run_00,estimate_td=1,0.47901837822760174,0.351016838610633,0.6026142285728404,5.293923417101774,0.3151769485436917,,0.7936228298859882,0,0,18.1
opt_td,room1,monovio,run_00,estimate_td=1,,,,,,,0.0,0,0,18.1
opt_td_fixed,room1,bimono,run_00,estimate_td=1,0.23459437196519986,0.02482898202094082,0.0644677359536611,0.9628627923277685,1.0,,0.9815670650925321,0,0,18.1
opt_td_fixed,room1,bimonovio,run_00,estimate_td=1,0.10780229435796454,0.01634229277607179,0.043550669093509985,0.7474576955787036,1.0,,0.9815670650925321,0,0,24.1
opt_td_fixed,room1,mono,run_00,estimate_td=1,0.16469582402572416,0.2577335245542918,,13.56810158774868,0.700020365894765,,0.026957837056394384,0,0,18.1
opt_td_fixed,room1,monovio,run_00,estimate_td=1,0.1713437954425047,0.04165286151695006,0.09602821695440383,0.7680541061238331,0.9838674968087848,,0.9758861698311752,0,0,18.1
phase2,room1,bimonovio,run_00,,0.30535243244149757,0.03968434961242081,0.08356133605443461,1.131128234492651,1.0,,0.9787310965457038,0,0,24.1
phase2,room1,bimonovio,run_01,,0.33547730255507235,0.03369982547214534,0.08710795458241168,1.0271890590436925,1.0,,0.9787310965457038,0,0,24.1
phase2,room1,bimonovio,run_02,,0.11443230482060726,0.039178186661685405,0.08607272375633072,1.0500597769381403,1.0,,0.545042443301452,0,1,14.0
phase2,room1,monovio,run_00,,0.34796749773892865,0.1263553258217662,0.23994349442567436,1.0541264024423098,0.8874774406722231,,0.9758861698311752,0,0,18.1
phase2,room1,monovio,run_01,,0.29074980281053164,0.10053895915520955,0.2055616678757138,0.9922652017917192,0.9192845317036552,,0.9751769426651532,0,0,18.1
phase2,room1,monovio,run_02,,0.3428224376216017,0.10876635906033669,0.2139618129830333,1.1285165918516105,0.9071172159071718,,0.9758861698311752,0,0,18.1
phase3,room1,bimonovio,run_00,,0.18012301652754495,0.027289252088721568,0.07212615333082113,0.8905660337163498,1.0,,0.9801495322783056,0,0,24.1
phase3,room1,bimonovio,run_01,,0.3820609695390608,0.03260765349229724,0.0970164931386022,0.9364363059650759,1.0,,0.9787310965457038,0,0,24.1
phase3,room1,bimonovio,run_02,,0.23237738718987377,0.03226724786221994,0.08294195785853717,1.0397816115171319,1.0,,0.9780222684222597,0,0,24.1
phase3,room1,monovio,run_00,,0.3998792572916055,0.16543033656646683,0.298775620721045,1.0083544309448471,0.8444370211494563,,0.9751769426651532,0,0,18.1
phase3,room1,monovio,run_01,,0.21547010504214553,0.06451748748297581,0.1505645584983494,0.9695252699300113,0.9580617006167031,,0.974468816247937,0,0,18.1
phase3,room1,monovio,run_02,,0.34952186151366815,0.138759605899323,0.25825462645434666,1.054867137238219,0.8779205008863342,,0.9751769426651532,0,0,20.1
phase4,room1,bimonovio,run_00,,0.27433247578044573,0.03956553006219858,0.09419247122240335,1.032531259688626,1.0,,0.9780222684222597,0,0,24.1
phase4,room1,bimonovio,run_01,,0.3163507460446095,0.03188205670895264,0.07944639044249795,0.9917449389930949,1.0,,0.9801495322783056,0,0,24.1
phase4,room1,bimonovio,run_02,,0.279956197221527,0.03854239989532131,0.11097682173249586,0.9746486666412546,1.0,,0.9787310965457038,0,0,26.1
phase4,room1,monovio,run_00,,0.7479280708056928,0.557830166514331,1.0055516200207706,1.0132248447680188,0.47762834003362986,,0.9751769426651532,0,0,18.1
phase4,room1,monovio,run_01,,0.3878172070962738,0.12325328000747378,0.2532047932394027,1.0282225823717237,0.8956120197318519,,0.9751769426651532,0,0,18.1
phase4,room1,monovio,run_02,,0.31414347152284505,0.10020211501629843,0.2135974924116565,1.1596064333967677,0.9186216859378098,,0.9751769426651532,0,0,18.1
phase5,room1,bimonovio,run_00,,0.2684564254246463,0.024653908189072492,0.07120282626018391,0.9211225586020217,1.0,,0.9787310965457038,0,0,24.1
phase5,room1,bimonovio,run_01,,0.3055876909884338,0.027561601820991804,0.08299492686574038,0.8950181681657415,1.0,,0.9790857016744229,0,0,24.1
phase5,room1,bimonovio,run_02,,0.25228268511735824,0.024754579042576493,0.07583360356957224,0.8953399294638846,1.0,,0.9787310965457038,0,0,28.1
phase5,room1,monovio,run_00,,0.31730376774960234,0.11689422228742583,0.22094245908634086,0.9547587705628658,0.8946103520181711,,0.9340412817595241,0,0,18.1
phase5,room1,monovio,run_01,,0.29943174491467234,0.08859202015947529,0.17866824290561809,0.9273314225135482,0.9237710946816075,,0.9758861698311752,0,0,18.1
phase5,room1,monovio,run_02,,0.32644642912548066,0.12348641418275175,0.2371302182371566,0.9264105664190343,0.8914367294865387,,0.9751769426651532,0,0,18.1
phase5_marg,room1,bimonovio,run_00,marginalization=1,0.014600280698570394,0.010274546805761231,0.021197106668937725,0.31447853684703836,1.0,,0.09361694772785376,0,1,6.0
phase5_marg,room1,bimonovio,run_01,marginalization=1,0.007775849952961218,0.006022468483016422,0.011184183027343943,0.26035983000857504,1.0,,0.09397155454743122,0,1,6.0
phase5_marg,room1,bimonovio,run_02,marginalization=1,0.13548536510306514,0.01754720350636636,0.0688401099726299,0.7620096973114108,1.0,,0.33191795523630313,0,1,22.0
phase5_marg,room1,monovio,run_00,marginalization=1,0.39172157235152855,0.161629404882181,0.296933841741143,0.9548993948882321,0.8504382539789448,,0.9751769426651532,0,0,18.1
phase5_marg,room1,monovio,run_01,marginalization=1,0.3516055373045347,0.11629913522042622,0.215619689327523,0.913141832141042,0.8913418359840143,,0.9751769426651532,0,0,18.1
phase5_marg,room1,monovio,run_02,marginalization=1,0.27289601963309185,0.08620290820642813,0.17300557401954705,0.932583242356154,0.9299373303914483,,0.9751769426651532,0,0,18.1
rb_default,magistrale2,bimonovio,run_00,,11.448658566465236,0.03798998115987634,0.14510372994013537,0.9524063094412423,1.0,25.19047961831264,0.994264133524143,0,0,78.1
rb_default,magistrale2,bimonovio,run_01,,6.916884753797625,0.029296261804656876,0.09403562334884862,0.8702153937701026,1.0,15.106614315297739,0.9941716165888557,0,0,76.1
rb_default,magistrale2,bimonovio,run_02,,7.003796018195758,0.03094121953790286,0.08749765251684048,0.8877087513554478,1.0,15.41126972775849,0.9943566473714888,0,0,78.1
rb_default,room1,bimonovio,run_00,,0.2807727446228858,0.026970274028921163,0.07956204705978175,0.8946184161643619,1.0,,0.9829855025159921,0,0,24.1
rb_default,room1,bimonovio,run_01,,0.27317109515100396,0.027491941106648647,0.08112551396728401,0.8854451087074031,1.0,,0.9815670650925321,0,0,24.1
rb_default,room1,bimonovio,run_02,,0.24539974356089095,0.025158135032177283,0.07001101595024992,0.8853538875819561,1.0,,0.9822762821134038,0,0,24.1
rb_default,room1,monovio,run_00,,0.1876066377418526,0.06081542802193724,0.14689812056666116,0.9677635949192605,0.9669843721262726,,0.9758861698311752,0,0,18.1
rb_default,room1,monovio,run_01,,0.24968468318369944,0.07496660249198898,0.16402887535675764,0.9097389557557093,0.9476567191636032,,0.9751769426651532,0,0,18.1
rb_default,room1,monovio,run_02,,0.19182136374090034,0.060183584236112996,0.1459351557416359,0.9223886335211305,0.9667661326634335,,0.9751769426651532,0,0,18.1
rb_marg,room1,bimonovio,run_00,marginalization=1,0.2066099795680074,0.02001210443370153,0.06488255609775052,0.7808266178254826,1.0,,0.9812124582729546,0,0,62.1
rb_marg,room1,bimonovio,run_01,marginalization=1,0.2039483378081892,0.02002360975502519,0.06482923481110005,0.8029940691041075,1.0,,0.9812124582729546,0,0,58.1
rb_marg,room1,bimonovio,run_02,marginalization=1,0.19571407628593457,0.020789293272364003,0.06743790341284157,0.8137891565853262,1.0,,0.9829855025159921,0,0,58.1
rb_margdtfix,magistrale2,bimonovio,run_00,"dataset_id=""tumvi_512_ds_dt2p5ms"" marginalization=1",0.08232674635116813,0.014497039962150935,0.043500001309818806,0.6996678121067581,1.0,,0.08973593642743864,2,0,176.1
rb_margdtfix,magistrale2,bimonovio,run_01,"dataset_id=""tumvi_512_ds_dt2p5ms"" marginalization=1",5.21768073095504,0.016565578765034374,0.053391139813218406,0.7884407564948973,1.0,11.426921990379142,0.9945416785952563,0,0,160.1
rb_margdtfix,magistrale2,bimonovio,run_02,"dataset_id=""tumvi_512_ds_dt2p5ms"" marginalization=1",1.874940716005089,0.014782005139434017,0.04516663584794866,0.7372628981355971,1.0,4.110927602253011,0.9945416785952563,0,0,156.2
rb_margsparsetd,room1,bimonovio,run_00,estimate_td=1 marginalization=1 sparsification=1,0.0657865222516247,0.012355958118822313,0.027500581485243987,0.6484689576640522,1.0,,0.979794920386153,0,0,58.1
rb_margsparsetd,room1,bimonovio,run_01,estimate_td=1 marginalization=1 sparsification=1,0.050041389222701904,0.011889013867933933,0.02536638769437512,0.6789590325435415,1.0,,0.9801495322783056,0,0,58.1
rb_margsparsetd,room1,bimonovio,run_02,estimate_td=1 marginalization=1 sparsification=1,0.04109693198997725,0.012571106561293148,0.02637757842183877,0.6784514813872421,1.0,,0.9801495322783056,0,0,60.1
rb_margtd,magistrale2,bimonovio,run_00,estimate_td=1 marginalization=1,1.0871908285002458,0.6103876097584391,1.0600458109350668,0.9212859734230765,1.0,,0.2387839460742493,1,0,190.1
rb_margtd,magistrale2,bimonovio,run_01,estimate_td=1 marginalization=1,1.7547871080477278,0.036548725407908995,0.1394160829500682,0.7398373300044521,1.0,3.8925165238981494,0.9947267107012929,0,0,188.2
rb_margtd,magistrale2,bimonovio,run_02,estimate_td=1 marginalization=1,2.8728836452330557,0.013988322654748888,0.03533022620070563,0.7465059528259724,1.0,6.278643100942045,0.9943566473714888,0,0,166.2
rb_margtd,room1,bimonovio,run_00,estimate_td=1 marginalization=1,0.09767374266550628,0.01392389712198272,0.03846645426121169,0.6623374524046889,1.0,,0.9829855025159921,0,0,56.1
rb_margtd,room1,bimonovio,run_01,estimate_td=1 marginalization=1,0.07061719737393296,0.014130414892854968,0.0383107212397267,0.6652332015868321,1.0,,0.9826308973872732,0,0,74.1
rb_margtd,room1,bimonovio,run_02,estimate_td=1 marginalization=1,0.09129518551169145,0.013989651007186438,0.03848789013226412,0.6725856048758189,1.0,,0.9815670650925321,0,0,56.1
rb_margtd,room1,monovio,run_00,estimate_td=1 marginalization=1,0.16246649568011928,0.054807102914655556,0.13324566113621655,0.8431089220638747,0.9641464402451394,,0.9758861698311752,0,0,18.1
rb_margtd,room1,monovio,run_01,estimate_td=1 marginalization=1,0.2129433428355518,0.07032535340119525,0.13877447656925282,0.7612446997681919,0.9374833869185558,,0.9762407749598943,0,0,18.1
rb_margtd,room1,monovio,run_02,estimate_td=1 marginalization=1,0.16495090930603773,0.03809306245748256,0.09359222058401913,0.7137794521151233,0.9818632956650465,,0.9758861698311752,0,0,18.1
rooms_default,magistrale2,bimono,run_00,,7.803851566346288,0.04094711371140438,0.08399774277232436,1.3609571285919435,1.0,16.589812006856395,0.9951893081706303,0,0,68.1
rooms_default,magistrale2,bimono,run_01,,,,,,,,0.0,0,1,30.0
rooms_default,magistrale2,bimono,run_02,,7.123261969814748,0.050124778588787375,0.10320619931047438,1.6268022490564198,1.0,15.191122696450032,0.9953743385121289,0,0,68.1
rooms_default,room1,bimono,run_00,,0.15165120908673266,0.02398760331289884,0.05932480955904264,0.8906629351421899,1.0,,0.9833401093355697,0,0,18.1
rooms_default,room1,bimono,run_01,,0.14540927342188714,0.023050657033701343,0.05974005638821213,0.8649945009631153,1.0,,0.9819216719121096,0,0,18.1
rooms_default,room1,bimono,run_02,,0.12804875835539403,0.023984912359310846,0.05228165824292128,0.8968422950330573,1.0,,0.9829855042068506,0,0,18.1
rooms_default,room2,bimono,run_00,,0.18376409301274604,0.023582395157198347,0.06022515276148368,1.0510205755359168,1.0,,0.9920175008312788,0,0,18.1
rooms_default,room2,bimono,run_01,,0.14567542974651665,0.024673871849277725,0.0570820925026374,1.138462822219753,1.0,,0.9920175008312788,0,0,18.1
rooms_default,room2,bimono,run_02,,0.14477826940185123,0.022265712887865316,0.05309539753808757,1.1362941249411722,1.0,,0.9930588100704625,0,0,18.1
rooms_default,room2,bimonovio,run_00,,0.4667486311175449,0.025113530686355943,0.08173077113556382,0.9457983661604225,1.0,,0.9916703949931173,0,0,24.1
rooms_default,room2,bimonovio,run_01,,0.49763960254750944,0.02569642364127379,0.08723875071929385,0.9725319976600704,1.0,,0.9916703949931173,0,0,24.1
rooms_default,room2,bimonovio,run_02,,0.31871787353102377,0.024323725699451324,0.0737303587221578,0.9625920918633087,1.0,,0.9930588084154023,0,0,24.1
rooms_default,room2,mono,run_00,,0.028624273719596798,0.46813354994341483,,48.78787431290325,0.47763310966041833,,0.011793487047619964,0,0,18.1
rooms_default,room2,mono,run_01,,0.01559150848226875,,,,0.1913389126181242,,0.004510047226446699,0,0,18.1
rooms_default,room2,mono,run_02,,0.014851559718377526,,,,0.1800168175661965,,0.004858379464190888,0,0,18.1
rooms_default,room2,monovio,run_00,,0.8625510856878199,0.48968102512988626,0.9821512773713698,0.9786394025337048,0.5301463338326278,,0.9871613325274691,0,0,18.1
rooms_default,room2,monovio,run_01,,0.926633387696634,0.6140193946050171,1.238137863287307,1.0127850845964022,0.41569685678218443,,0.9871613325274691,0,0,18.1
rooms_default,room2,monovio,run_02,,0.6101276479292131,0.2307555680571431,0.4564644558614425,0.9258202506736061,0.7773645374119621,,0.9878555359284913,0,0,18.1
rooms_default,room3,bimono,run_00,,0.19318077988312335,0.022051143077302184,0.06799321443657548,1.192889268653604,1.0,,0.975530582900165,0,0,18.1
rooms_default,room3,bimono,run_01,,0.1637105448531192,0.02167429794665873,0.07088187078655253,1.1948847943425964,1.0,,0.9773037322279812,0,0,18.1
rooms_default,room3,bimono,run_02,,0.16675297479567153,0.02795226837590255,0.07651049995862073,1.3430937269180732,1.0,,0.9748213678075784,0,0,18.1
rooms_default,room3,bimonovio,run_00,,0.1497906627692265,0.01735618798367102,0.06568918343934808,1.0010251787886544,1.0,,0.9744667551887238,0,0,24.1
rooms_default,room3,bimonovio,run_01,,0.15764759582861254,0.018260401287564485,0.07474985182240294,1.0083953683130151,1.0,,0.9751759702813104,0,0,24.1
rooms_default,room3,bimonovio,run_02,,0.1542188786641475,0.020074155655367583,0.07128582604701265,1.035697469058066,1.0,,0.976594513753687,0,0,24.1
rooms_default,room3,mono,run_00,,0.04283264815888614,0.09962021778948389,,24.604160767376833,0.5266128654674238,,0.011694282936251596,0,0,18.1
rooms_default,room3,mono,run_01,,0.011473050335368455,,,,0.08250897005205016,,0.004609979262794311,0,0,18.1
rooms_default,room3,mono,run_02,,0.012457739062313749,,,,0.10984338245279618,,0.004965810987226726,0,0,18.1
rooms_default,room3,monovio,run_00,,0.3679503452918456,0.09652290876930125,0.21278731806642398,1.0926401810143793,0.9305135497351184,,0.9645361139094647,0,0,22.1
rooms_default,room3,monovio,run_01,,0.5569977773471646,0.2590973513975669,0.5596197455904378,1.1435527120264724,0.762215908195815,,0.9670188587719687,0,0,22.1
rooms_default,room3,monovio,run_02,,0.5119715935301888,0.22781535989945265,0.4893902046012815,1.168568573807248,0.7908529702879165,,0.9655999433117597,0,0,22.1
rooms_default,room4,bimono,run_00,,0.11723281918896811,0.027029651785014288,0.05966967880742211,1.5134443361583685,1.0,,0.9842797607348203,0,0,14.1
rooms_default,room4,bimono,run_01,,0.1017728044100693,0.025128905223489036,0.04998131007947456,1.4889707915985837,1.0,,0.9838307242747653,0,0,14.1
rooms_default,room4,bimono,run_02,,0.13469793070457764,0.025744745127744946,0.06918935180973612,1.3894407631911077,1.0,,0.9842797607348203,0,0,14.1
rooms_default,room4,bimonovio,run_00,,0.11834605379505092,0.02440499259296594,0.0625341786389679,0.800947251899064,1.0,,0.9833816856736173,0,0,18.1
rooms_default,room4,bimonovio,run_01,,0.17610539828840385,0.022372940260885682,0.058670125617328435,0.786174652727571,1.0,,0.9833816856736173,0,0,18.1
rooms_default,room4,bimonovio,run_02,,0.13830578030775897,0.02415699992056742,0.06274445298500027,0.7905549670474742,1.0,,0.9833816856736173,0,0,18.1
rooms_default,room4,mono,run_00,,0.13767181870979409,0.20869517739133164,,35.22836107666227,0.07079733898068379,,0.03502989686391123,0,0,14.1
rooms_default,room4,mono,run_01,,0.056198195284577944,0.08370567187241826,,16.19574645838898,0.32400499060638116,,0.028752222714204963,0,0,14.1
rooms_default,room4,mono,run_02,,0.10002820194083997,0.1568267204369322,,35.83882001163118,0.0584294973234488,,0.031872962199959075,0,0,14.1
rooms_default,room4,monovio,run_00,,0.22051247407527133,0.0779120568493458,0.1801932552566666,0.8303839090250147,0.8840415403942761,,0.9757511790019937,0,0,14.1
rooms_default,room4,monovio,run_01,,0.1487983282098477,0.05795748518472373,0.13746486958512685,0.7989557233814111,0.9280879252244233,,0.9775473141367483,0,0,14.1
rooms_default,room4,monovio,run_02,,0.11442556327125343,0.04316474185607481,0.10182551288592304,0.7682269433169412,0.9665057960236121,,0.9757511790019937,0,0,14.1
rooms_default,room5,bimono,run_00,,0.2585902018133195,0.032146414612057736,0.06787148216754979,1.13789520319731,1.0,,0.9768091504501996,0,0,18.1
rooms_default,room5,bimono,run_01,,0.16239453412685764,0.03149022789163114,0.06385230318678824,1.1397543490869306,1.0,,0.9768091504501996,0,0,18.1
rooms_default,room5,bimono,run_02,,0.17166082403594324,0.03310134497831232,0.06774712499168488,1.137079708585089,1.0,,0.9754036709695847,0,0,18.1
rooms_default,room5,bimonovio,run_00,,0.2854329871404906,0.0326763541789487,0.0984762178837681,0.9993013361220435,1.0,,0.9747009253653431,0,0,26.1
rooms_default,room5,bimonovio,run_01,,0.3352435125226457,0.03525705076339202,0.10430976220474714,0.9910316025048598,1.0,,0.9754036642679457,0,0,26.1
rooms_default,room5,bimonovio,run_02,,0.37792390481674476,0.03476504352174775,0.1034169001954256,0.993748773842601,1.0,,0.9736468144983247,0,0,26.1
rooms_default,room5,mono,run_00,,0.05477861036156686,0.18530125565429742,,3.3402926535314594,2.38634081408559,,0.016515723806192043,0,0,18.1
rooms_default,room5,mono,run_01,,0.02501946475541527,0.035709485375525526,,1.089091848372183,0.4089248576489627,,0.018270739002108446,0,0,18.1
rooms_default,room5,mono,run_02,,0.19093748269780203,0.28954090541890515,,23.57629517423445,0.2828467728266594,,0.03372472380057272,0,0,18.1
rooms_default,room5,monovio,run_00,,0.5074905555133985,0.30654078065834706,0.5406188765592194,1.0987234962916805,0.666251783359354,,0.9680239734250791,0,0,20.1
rooms_default,room5,monovio,run_01,,0.4262329746817181,0.1855526984970646,0.332239875421089,1.0430959988403186,0.8084924477918906,,0.9683753403632657,0,0,20.1
rooms_default,room5,monovio,run_02,,0.5055381572828919,0.3117701224628208,0.5428733005241991,1.0836315850481535,0.6626605756635044,,0.9694294529056938,0,0,20.1
rooms_default,room6,bimono,run_00,,0.054203620328048575,0.01574136128742553,0.037325358304590016,0.7448249496512988,1.0,,0.9271346069663133,0,0,16.1
rooms_default,room6,bimono,run_01,,0.12033985997996535,0.016837059777855334,0.04042569787334559,0.7358610656607542,1.0,,0.9256165843159789,0,0,16.1
rooms_default,room6,bimono,run_02,,0.07528620756527327,0.01636940918701869,0.036797580965260826,0.71488739143484,1.0,,0.9252370827249319,0,0,16.1
rooms_default,room6,bimonovio,run_00,,0.0823369683049214,0.013645366848157313,0.04063604637016031,0.6769151321547296,1.0,,0.9286542889940002,0,0,18.1
rooms_default,room6,bimonovio,run_01,,0.059271325412672056,0.012749691272559888,0.035772320063721545,0.6756863866549405,1.0,,0.9305516648504929,0,0,18.1
rooms_default,room6,bimonovio,run_02,,0.07444614316673862,0.013467919698180442,0.03766521068064364,0.6953640183617491,1.0,,0.9301723116443346,0,0,18.1
rooms_default,room6,mono,run_00,,0.7372243728609316,0.40907034846433193,1.170344918067793,3.938455631744096,0.40796067550588283,,0.8075881314086223,0,0,16.1
rooms_default,room6,mono,run_01,,0.10984159235390867,0.11291354931442331,0.16234791904014204,2.636945062396914,0.25157898115860977,,0.05996334686958797,0,0,16.1
rooms_default,room6,mono,run_02,,0.2612935734515722,0.3115274641074331,0.5602718112044522,9.295558426642764,0.8308779926480343,,0.07513493809624022,0,0,16.1
rooms_default,room6,monovio,run_00,,0.16297340179863098,0.03240299828868722,0.10158430756727,0.6918819944880601,0.9817964666618568,,0.9537004855980531,0,0,16.1
rooms_default,room6,monovio,run_01,,0.19957998910114064,0.039467448373017223,0.11450876742379378,0.7018038731756838,0.9817526529743923,,0.9548389994190533,0,0,16.1
rooms_default,room6,monovio,run_02,,0.15478166068752494,0.033424365554738746,0.09620879331754315,0.6908081392073795,0.9833875600296987,,0.9540799871891001,0,0,16.1
rooms_margsparsetd,room2,bimonovio,run_00,estimate_td=1 marginalization=1 sparsification=1,0.08783722180383811,0.011995063682811877,0.030693926275983413,0.7890640532734481,1.0,,0.9913232974302566,0,0,60.1
rooms_margsparsetd,room2,bimonovio,run_01,estimate_td=1 marginalization=1 sparsification=1,0.09648445557476301,0.01259533005911489,0.03258192827745887,0.8596133893744254,1.0,,0.9920175008312788,0,0,62.1
rooms_margsparsetd,room2,bimonovio,run_02,estimate_td=1 marginalization=1 sparsification=1,0.09845048046458132,0.012522415509591356,0.03164001956959314,0.8035310389608672,1.0,,0.9916703949931173,0,0,60.1
rooms_margsparsetd,room3,bimonovio,run_00,estimate_td=1 marginalization=1 sparsification=1,0.2099734333425198,0.015487138186725978,0.0672597590225535,0.9676616534343911,1.0,,0.977658343155982,0,0,64.1
rooms_margsparsetd,room3,bimonovio,run_01,estimate_td=1 marginalization=1 sparsification=1,0.031399079661032836,0.011871534109833274,0.030376935704702613,0.9240031995741421,1.0,,0.9762399028256862,0,0,64.1
rooms_margsparsetd,room3,bimonovio,run_02,estimate_td=1 marginalization=1 sparsification=1,0.03689508650578569,0.011617249535167604,0.030261314388018063,0.8999689549766455,1.0,,0.9751759702813104,0,0,64.1
rooms_margsparsetd,room4,bimonovio,run_00,estimate_td=1 marginalization=1 sparsification=1,0.05392419451552742,0.010223014596282316,0.024318408836541874,0.6012274179588007,1.0,,0.9838307221336722,0,0,42.1
rooms_margsparsetd,room4,bimonovio,run_01,estimate_td=1 marginalization=1 sparsification=1,0.08009371345723117,0.010652786696786074,0.025698487935934586,0.6072919743215988,1.0,,0.9838307221336722,0,0,42.1
rooms_margsparsetd,room4,bimonovio,run_02,estimate_td=1 marginalization=1 sparsification=1,0.06319019315901532,0.010384281680654459,0.02356005122530382,0.6318010246784629,1.0,,0.9833816856736173,0,0,42.1
rooms_margsparsetd,room5,bimonovio,run_00,estimate_td=1 marginalization=1 sparsification=1,0.04917799295561205,0.01251368347483821,0.02810314198186886,0.7670608549769137,1.0,,0.9739981881381504,0,0,62.1
rooms_margsparsetd,room5,bimonovio,run_01,estimate_td=1 marginalization=1 sparsification=1,0.06368154044196143,0.013208973491826797,0.029693586848749585,0.7617276547305848,1.0,,0.9750522923035297,0,0,62.1
rooms_margsparsetd,room5,bimonovio,run_02,estimate_td=1 marginalization=1 sparsification=1,0.07288496727802403,0.012694467331240841,0.03020594209548664,0.7585970882835775,1.0,,0.9747009253653431,0,0,62.1
rooms_margsparsetd,room6,bimonovio,run_00,estimate_td=1 marginalization=1 sparsification=1,0.047893259702242896,0.008004196479561054,0.027401950721663824,0.5776905740141537,1.0,,0.9282749520739881,0,0,42.1
rooms_margsparsetd,room6,bimonovio,run_01,estimate_td=1 marginalization=1 sparsification=1,0.04958088251278212,0.007962919204854195,0.02669761844564003,0.5885555329358081,1.0,,0.9286542889940002,0,0,42.1
rooms_margsparsetd,room6,bimonovio,run_02,estimate_td=1 marginalization=1 sparsification=1,0.07241923977581932,0.0076232999217424845,0.02585849324125459,0.563859092720229,1.0,,0.9301723116443346,0,0,42.1
rooms_margtd,room2,bimonovio,run_00,estimate_td=1 marginalization=1,0.09690731931828324,0.013155019038783682,0.03664366681622262,0.8530333965113417,1.0,,0.9913232974302566,0,0,60.1
rooms_margtd,room2,bimonovio,run_01,estimate_td=1 marginalization=1,0.11226565847315663,0.012944598220789754,0.033442170301173475,0.7810397673665928,1.0,,0.9923646066694403,0,0,62.1
rooms_margtd,room2,bimonovio,run_02,estimate_td=1 marginalization=1,0.07004153763103625,0.013275769844238635,0.034665095602109945,0.8573956812442106,1.0,,0.992711704232301,0,0,60.1
rooms_margtd,room2,monovio,run_00,estimate_td=1 marginalization=1,0.6656972001271898,0.2761104101031229,0.5803207639628224,0.9032485362978836,0.7292349132331492,,0.9857729257254247,0,0,18.1
rooms_margtd,room2,monovio,run_01,estimate_td=1 marginalization=1,0.4535570402262187,0.11076749694495566,0.24690696461333764,0.9827855886547825,0.8982341497676448,,0.9864671291264469,0,0,18.1
rooms_margtd,room2,monovio,run_02,estimate_td=1 marginalization=1,0.5240539971073038,0.15913552908074066,0.3446574037979323,0.8735737269455657,0.8460309067479195,,0.9864671291264469,0,0,18.1
rooms_margtd,room3,bimonovio,run_00,estimate_td=1 marginalization=1,0.09974548915620814,0.018244481179601754,0.06927537219809188,0.9052968349280003,1.0,,0.9797851108806283,0,0,98.1
rooms_margtd,room3,bimonovio,run_01,estimate_td=1 marginalization=1,0.07239375213910297,0.0162349468407616,0.055629823843846044,0.9106020872560985,1.0,,0.9769491196091266,0,0,76.1
rooms_margtd,room3,bimonovio,run_02,estimate_td=1 marginalization=1,0.0895983369861043,0.017056295579258904,0.06005241988465768,0.8853727270270192,1.0,,0.9769491196091266,0,0,96.1
rooms_margtd,room3,monovio,run_00,estimate_td=1 marginalization=1,0.27129366100689417,0.05323979240715733,0.11419231939996531,0.9791938450831071,0.9730015740878977,,0.9663091584043463,0,0,22.1
rooms_margtd,room3,monovio,run_01,estimate_td=1 marginalization=1,0.265157984083123,0.04023207918791088,0.09362066621876054,1.0085395353949762,0.9770527047915072,,0.9673734629365544,0,0,22.1
rooms_margtd,room3,monovio,run_02,estimate_td=1 marginalization=1,0.3747078576556462,0.1298398711577153,0.28930820032487753,1.0144073657882007,0.8884529982193582,,0.9641815012906101,0,0,22.1
rooms_margtd,room4,bimonovio,run_00,estimate_td=1 marginalization=1,0.06602577530796033,0.0122148625701854,0.031447643431359924,0.5740378367863,1.0,,0.9838307221336722,0,0,48.1
rooms_margtd,room4,bimonovio,run_01,estimate_td=1 marginalization=1,0.051464642375237436,0.01193880032290288,0.029458882339311213,0.6082329064169761,1.0,,0.9838307221336722,0,0,54.1
rooms_margtd,room4,bimonovio,run_02,estimate_td=1 marginalization=1,0.07994640415254199,0.012318957085172137,0.03192663208521843,0.6233239106285751,1.0,,0.9833816856736173,0,0,42.1
rooms_margtd,room4,monovio,run_00,estimate_td=1 marginalization=1,0.13262589958622895,0.03239389115809821,0.07775654402900775,0.8255464153672092,0.9770583158225191,,0.9757511790019937,0,0,14.1
rooms_margtd,room4,monovio,run_01,estimate_td=1 marginalization=1,0.181064764689904,0.0444036971682871,0.10526523747258672,0.7378082252510662,0.937585005457351,,0.9775473141367483,0,0,14.1
rooms_margtd,room4,monovio,run_02,estimate_td=1 marginalization=1,0.1765555358511456,0.037823155241785686,0.09555947136026657,0.632161232420787,0.9738569548679378,,0.9757511790019937,0,0,14.1
rooms_margtd,room5,bimonovio,run_00,estimate_td=1 marginalization=1,0.11178341716637548,0.018253121770006195,0.05590030177271124,0.7658483245547506,1.0,,0.9743495534009272,0,0,76.1
rooms_margtd,room5,bimonovio,run_01,estimate_td=1 marginalization=1,0.10844638456338589,0.019752318599715758,0.06168860422772237,0.7813834968933716,1.0,,0.9761064048459579,0,0,78.1
rooms_margtd,room5,bimonovio,run_02,estimate_td=1 marginalization=1,0.11882767230226599,0.019125932458276186,0.05919991069112374,0.7618819334337458,1.0,,0.9747009253653431,0,0,66.1
rooms_margtd,room5,monovio,run_00,estimate_td=1 marginalization=1,0.22847188661247084,0.0883317258693547,0.16250476077511877,0.9306733191978894,0.9073481075723945,,0.9680239734250791,0,0,20.1
rooms_margtd,room5,monovio,run_01,estimate_td=1 marginalization=1,0.23162164716968556,0.10680228757281994,0.18664182222588122,0.9311512187628325,0.881059308401442,,0.9683753403632657,0,0,20.1
rooms_margtd,room5,monovio,run_02,estimate_td=1 marginalization=1,0.26267093633350846,0.12115543088188926,0.22383667498292467,0.9261734526493847,0.8717566945040265,,0.9673204269749646,0,0,20.1
rooms_margtd,room6,bimonovio,run_00,estimate_td=1 marginalization=1,0.0471143293191084,0.008570559996755892,0.030137374836517194,0.5788285969664062,1.0,,0.9316901859097803,0,0,46.1
rooms_margtd,room6,bimonovio,run_01,estimate_td=1 marginalization=1,0.05052820668912294,0.008311417604047078,0.028224287055207176,0.5170538648208859,1.0,,0.9320696965486864,0,0,40.1
rooms_margtd,room6,bimonovio,run_02,estimate_td=1 marginalization=1,0.04329347518276517,0.008379264248287102,0.031175386618942265,0.5619685730489413,1.0,,0.9297928028150003,0,0,40.1
rooms_margtd,room6,monovio,run_00,estimate_td=1 marginalization=1,0.07547792209678487,0.018339376022665388,0.05592493778957853,0.5788283564246749,1.0059440092590102,,0.9537004855980531,0,0,16.1
rooms_margtd,room6,monovio,run_01,estimate_td=1 marginalization=1,0.2026778527685904,0.040250624948200704,0.11636267454866765,0.600797886121955,0.9646262748482062,,0.9544594978280062,0,0,16.1
rooms_margtd,room6,monovio,run_02,estimate_td=1 marginalization=1,0.1759918014669696,0.032410600288087024,0.08851445685307345,0.6352465000202138,0.969605248142946,,0.9548389994190533,0,0,16.1
ros_final4_mt_margtd,room1,bimonovio,run_00,estimate_td=1 marginalization=1 multithreading=1,0.09485573180973035,0.013937898264452377,0.03847331575398985,0.6785350278961902,1.0,,0.9812124582729546,0,0,152.7
ros_smoke,room1,bimonovio,run_00,,0.25854560715923236,0.02539284763958623,0.07529057633547315,0.9187231738040242,1.0,,0.9783764846535512,0,0,152.8
ros_smoke,rs_13_34_21,bimono,run_00,"dataset_id=""realsense_d455_vio""",0.022879258593452946,0.01497899664256512,0.033792961151670645,,1.0073374564464201,,0.7317165289413752,0,0,32.4
ros_tumvi,room1,bimono,run_00,,0.19780784072571875,0.025964752721774037,0.057222794218705034,0.9445843491793594,1.0,,0.9819216719121096,0,0,152.7
ros_tumvi,room1,bimonovio,run_00,,0.23732036059840494,0.027090674070394706,0.0814820639873531,0.9057235340976835,1.0,,0.9801495322783056,0,0,152.7
ros_tumvi,room1,monovio,run_00,,0.3102264696905707,0.10441586645442888,0.22422249233713742,0.9360002687146546,0.9144270626123793,,0.9776676565301071,0,0,152.7
ros_tumvi_margsp,room1,bimono,run_00,marginalization=1 sparsification=1,0.15110047852757957,0.023298653181328587,0.05506576332608286,0.927495811281417,1.0,,0.9833401093355697,0,0,152.7
ros_tumvi_margtd,room1,bimonovio,run_00,estimate_td=1 marginalization=1,0.08336740780158133,0.013798021847805974,0.03888472492990924,0.6703467875271174,1.0,,0.9758935504280065,0,0,152.7
ros_tumvi_margtd,room1,monovio,run_00,estimate_td=1 marginalization=1,0.14081073988937487,0.03639874965927707,0.08727857558735075,0.7771776576877645,0.9794216775515289,,0.9751847223045623,0,0,152.7
ros_tumvi_mt,room1,bimonovio,run_00,multithreading=1,0.2736179221178943,0.025173316951826064,0.07403271808148029,0.88955333390174,1.0,,0.9812124582729546,0,0,152.7
ros_tumvi_mt_margtd,room1,bimonovio,run_00,estimate_td=1 marginalization=1 multithreading=1,0.09663552590817062,0.014399592780586761,0.03815444747080181,0.6960222789665319,1.0,,0.979794920386153,0,0,152.7
ros_vio_n5,rs_13_18_29,bimonovio,run_00,"dataset_id=""realsense_d455_vio_noise5""",0.05491357791576009,0.018616251644073576,0.04558124542330054,,1.012862658553357,,0.840193660122197,0,0,76.1
ros_vio_n5,rs_13_18_29,bimonovio,run_01,"dataset_id=""realsense_d455_vio_noise5""",0.05933123179023548,0.01845092214978107,0.04331215759341045,,1.0076703320040443,,0.8417482424558068,0,0,76.1
ros_vio_n5,rs_13_36_44,bimonovio,run_00,"dataset_id=""realsense_d455_vio_noise5""",0.11495861089928625,0.048423720294913764,0.11866723426209759,,1.0150695852587017,,0.922955230567874,0,0,78.8
ros_vio_n5,rs_13_36_44,bimonovio,run_01,"dataset_id=""realsense_d455_vio_noise5""",0.17801325914950172,0.0527652259060572,0.14004178409877582,,1.0019584389848022,,0.922955230567874,0,0,78.8
ros_vio_n5,rs_13_45_18,bimonovio,run_00,"dataset_id=""realsense_d455_vio_noise5""",0.07761892688857941,0.03041886199431257,0.07400818193722988,,1.0018855018456876,,0.885404888699477,0,0,60.5
ros_vio_n5,rs_13_45_18,bimonovio,run_01,"dataset_id=""realsense_d455_vio_noise5""",0.05721344680711966,0.033926039849716476,0.07181446805488167,,1.0033863340678566,,0.8826697178807413,0,0,60.5
ros_vo,rs_13_18_29,bimono,run_00,"dataset_id=""realsense_d455_vio""",0.03933873403380909,0.01713834516899373,0.03635298479081831,,1.0013360505100801,,0.8215312369200162,0,0,76.1
ros_vo,rs_13_18_29,bimono,run_01,"dataset_id=""realsense_d455_vio""",0.04419230331466771,0.01762815162055936,0.04293640193129806,,1.0116861481527517,,0.8225690099852389,0,0,76.1
ros_vo,rs_13_36_44,bimono,run_00,"dataset_id=""realsense_d455_vio""",0.19358454265060487,0.056705627853427726,0.12986204159269404,,0.9950606419899463,,0.9239481362495885,0,0,78.8
ros_vo,rs_13_36_44,bimono,run_01,"dataset_id=""realsense_d455_vio""",0.14346042823575356,0.06049315390804402,0.1466645666435413,,1.0012493425995164,,0.9239481362495885,0,0,78.8
ros_vo,rs_13_45_18,bimono,run_00,"dataset_id=""realsense_d455_vio""",0.051669351637092215,0.03609288287099023,0.07162345456030002,,1.0056259737319189,,0.9059223674425364,0,0,60.5
ros_vo,rs_13_45_18,bimono,run_01,"dataset_id=""realsense_d455_vio""",0.050616791317031645,0.03266779386598786,0.07065339925966231,,1.0026342072815013,,0.911387248155778,0,0,60.5
rs2_d,rs_13_18_29,bimonovio,run_00,"dataset_id=""realsense_d455_vio""",7.510153193938646,5.4913217067494635,10.604515028941524,,0.048773810415281255,,0.21107867884114323,1,0,12.1
rs2_mt,rs_13_18_29,bimonovio,run_00,"dataset_id=""realsense_d455_vio"" estimate_td=1 marginalization=1",,,,,,,0.0,1,0,14.1
rs3_d,rs_13_18_29,bimonovio,run_00,"dataset_id=""realsense_d455_vio_noise2""",1.9583281892249536,1.3595401101565316,1.9800926637632836,,0.5168794517809033,,0.7030845755610989,1,0,12.1
rs3_mt,rs_13_18_29,bimonovio,run_00,"dataset_id=""realsense_d455_vio_noise2"" estimate_td=1 marginalization=1",11.783120796622303,4.37769132163414,13.190811400297013,,0.08245616598941673,,0.8824640616348955,1,0,14.1
rs4_leverflip,rs_13_18_29,bimonovio,run_00,"dataset_id=""realsense_d455_vio_leverflip""",4.286528336778423,2.9228013177470955,3.7395123714706777,,0.14407359156553667,,0.8731442101882434,0,0,12.1
rs4_rotfix,rs_13_18_29,bimonovio,run_00,"dataset_id=""realsense_d455_vio_rotfix""",3.7220148103502675,2.3423818192008152,6.112015841902848,,0.28968462251054783,,0.622166787943474,1,0,12.1
rs_d,rs_13_18_29,bimonovio,run_00,"dataset_id=""realsense_d455_vio""",1.9163909706964672,0.4434793127264863,1.4825491466731637,,0.5294682188620993,,0.8750082974856834,0,0,10.1
rs_extr,rs_13_18_29,bimono,run_00,"dataset_id=""realsense_d455_vio""",0.05356923778088245,0.022503790867726487,0.0480382003355786,,1.007482374445955,,0.8196863967160475,0,0,10.1
rs_extr,rs_13_36_44,bimono,run_00,"dataset_id=""realsense_d455_vio""",0.17931546458936898,0.06406630359154471,0.14299187891895432,,0.9945549414216066,,0.9241971269079101,0,0,12.1
rs_mt,rs_13_18_29,bimonovio,run_00,"dataset_id=""realsense_d455_vio"" estimate_td=1 marginalization=1",1.9364362261752954,1.0592192505255167,2.525222401948048,,0.4236935610205713,,0.3239736830840017,1,0,14.1
rs_smoke,rs_13_34_21,bimono,run_00,"dataset_id=""realsense_d455_vio""",0.02178099529018433,0.02030523193369324,0.032150193179004485,,1.0077403364723352,,0.7363897328739942,0,0,4.1
rs_smoke,rs_13_34_21,bimonovio,run_00,"dataset_id=""realsense_d455_vio""",1.2569297794168668,1.030783973561078,1.6073501005573834,,0.5836440035679601,,0.8387648345136846,0,0,4.1
rs_vio,rs_13_18_29,bimonovio,run_00,"dataset_id=""realsense_d455_vio""",,,,,,,0.0,2,0,12.1
rs_vio,rs_13_18_29,bimonovio,run_01,"dataset_id=""realsense_d455_vio""",,,,,,,0.0,2,0,10.1
rs_vio,rs_13_18_29,bimonovio,run_02,"dataset_id=""realsense_d455_vio""",2.2127461398780617,1.3554534589216276,2.630402402728285,,0.439391085853301,,0.8812233350413432,0,0,10.1
rs_vio,rs_13_21_59,bimonovio,run_00,"dataset_id=""realsense_d455_vio""",278.7343642114107,18.540944193805267,86.43209609213328,,0.001930355223319686,,0.9587020466537634,0,0,12.1
rs_vio,rs_13_21_59,bimonovio,run_01,"dataset_id=""realsense_d455_vio""",142.92108418310957,19.631669058752937,84.26179280230956,,0.00455835169598293,,0.9499926481391143,0,0,12.1
rs_vio,rs_13_21_59,bimonovio,run_02,"dataset_id=""realsense_d455_vio""",76.32271392497732,9.872636538580355,43.9076598729685,,0.007927577713148237,,0.9499926481391143,0,0,12.1
rs_vio,rs_13_30_22,bimonovio,run_00,"dataset_id=""realsense_d455_vio""",0.651260587873292,0.19762720866071168,0.5693096596139797,,0.9156888395761792,,0.9326366769051531,0,0,10.1
rs_vio,rs_13_30_22,bimonovio,run_01,"dataset_id=""realsense_d455_vio""",0.7750390407283373,0.2243401679334793,0.46127871126738584,,0.964299582773195,,0.9361104196894175,0,0,10.1
rs_vio,rs_13_30_22,bimonovio,run_02,"dataset_id=""realsense_d455_vio""",0.9997629144996382,0.7812243201349887,0.9384481510195982,,0.8949620125194634,,0.9423597510100432,0,0,10.1
rs_vio,rs_13_31_26,bimonovio,run_00,"dataset_id=""realsense_d455_vio""",,,,,,,0.0,1,0,10.1
rs_vio,rs_13_31_26,bimonovio,run_01,"dataset_id=""realsense_d455_vio""",32.804741465444614,9.59537954349092,30.548244557949033,,0.01721228979231643,,0.9321724761956449,0,0,10.1
rs_vio,rs_13_31_26,bimonovio,run_02,"dataset_id=""realsense_d455_vio""",2.943096989988973,1.3518313186033242,3.0196170549748333,,0.24050449421815187,,0.9273277967562088,0,0,10.1
rs_vio,rs_13_34_21,bimonovio,run_00,"dataset_id=""realsense_d455_vio""",0.2453070820141267,0.18658192801894768,0.376842451253698,,1.0179102946847443,,0.7924097565261453,0,0,4.1
rs_vio,rs_13_34_21,bimonovio,run_01,"dataset_id=""realsense_d455_vio""",0.21987311498977086,0.14727982145757018,0.31196367017443843,,1.022539418459519,,0.7962733195686323,0,0,4.1
rs_vio,rs_13_34_21,bimonovio,run_02,"dataset_id=""realsense_d455_vio""",0.2071089375518096,0.14788881257034833,0.30669468152932766,,1.0075416333919571,,0.8020669776203424,0,0,4.1
rs_vio,rs_13_36_44,bimonovio,run_00,"dataset_id=""realsense_d455_vio""",532.2795868885652,39.93484150018532,184.30457699267666,,0.0007389006375965976,,0.9398994125174611,1,0,14.1
rs_vio,rs_13_36_44,bimonovio,run_01,"dataset_id=""realsense_d455_vio""",0.40341757961267494,0.44048062008084843,,,0.6787544843801182,,0.055563148227956716,1,0,14.1
rs_vio,rs_13_36_44,bimonovio,run_02,"dataset_id=""realsense_d455_vio""",288.6807143886412,31.813015926786264,142.2571560554937,,0.001110151008292945,,0.9728212329479575,0,0,14.1
rs_vio,rs_13_41_28,bimonovio,run_00,"dataset_id=""realsense_d455_vio""",77.9771779057682,21.9859612178816,72.06129687794024,,0.013748671655670805,,0.8976309444322101,0,0,8.1
rs_vio,rs_13_41_28,bimonovio,run_01,"dataset_id=""realsense_d455_vio""",124.61499446776291,38.238820717635235,146.74010430762678,,0.009951657810320392,,0.9479168912437239,0,0,8.1
rs_vio,rs_13_41_28,bimonovio,run_02,"dataset_id=""realsense_d455_vio""",35.164949789658046,13.243480681976026,30.573012736325747,,0.020263009263757983,,0.914662411771464,0,0,8.1
rs_vio,rs_13_42_11,bimonovio,run_00,"dataset_id=""realsense_d455_vio""",18.079944105268833,8.991523113857468,33.76821942170316,,0.053891798101729185,,0.21813818673479737,1,0,10.1
rs_vio,rs_13_42_11,bimonovio,run_01,"dataset_id=""realsense_d455_vio""",10.733411596110384,5.9193730371567765,11.928027545557573,,0.050721415035081555,,0.2869440915975145,2,0,10.1
rs_vio,rs_13_42_11,bimonovio,run_02,"dataset_id=""realsense_d455_vio""",11.49018494473774,7.360824972734633,26.462541074006626,,0.06230748321862394,,0.26756723264951676,1,0,12.1
rs_vio,rs_13_45_18,bimonovio,run_00,"dataset_id=""realsense_d455_vio""",310.7868542764695,48.35331168182056,202.1717168521995,,0.002174470002187021,,0.9360801261190194,0,0,10.1
rs_vio,rs_13_45_18,bimonovio,run_01,"dataset_id=""realsense_d455_vio""",100.08016931920186,15.362487534022549,61.26966262258859,,0.004445108774720834,,0.9311620802799823,0,0,10.1
rs_vio,rs_13_45_18,bimonovio,run_02,"dataset_id=""realsense_d455_vio""",70.95913753246258,8.677307872144219,37.289519262317164,,0.0035398144672160146,,0.9647615009726356,0,0,10.1
rs_vio_n5,rs_13_18_29,bimonovio,run_00,"dataset_id=""realsense_d455_vio_noise5""",0.06184074268111505,0.021401831776268698,0.04677288361356328,,1.014775229838151,,0.8415206283575426,0,0,10.1
rs_vio_n5,rs_13_18_29,bimonovio,run_01,"dataset_id=""realsense_d455_vio_noise5""",0.061140835640689145,0.020306878576932474,0.04512794785108379,,1.0090637691123567,,0.8415206283575426,0,0,10.1
rs_vio_n5,rs_13_18_29,bimonovio,run_02,"dataset_id=""realsense_d455_vio_noise5""",0.052501438853302634,0.020950699120529298,0.042728311135399925,,1.0132253305332848,,0.8433284777066097,0,0,10.1
rs_vio_n5,rs_13_21_59,bimonovio,run_00,"dataset_id=""realsense_d455_vio_noise5""",0.15491370614356853,0.046296441386714286,0.1231456506227957,,0.9965451934231305,,0.8867049772788617,0,0,12.1
rs_vio_n5,rs_13_21_59,bimonovio,run_01,"dataset_id=""realsense_d455_vio_noise5""",0.18504716395070062,0.04110607842607281,0.12105487307758715,,1.0079662262179816,,0.8896416344781293,0,0,12.1
rs_vio_n5,rs_13_21_59,bimonovio,run_02,"dataset_id=""realsense_d455_vio_noise5""",0.20337691327841964,0.0579800171962806,0.16070453152740394,,0.9981344656630078,,0.9012217835200256,0,0,12.1
rs_vio_n5,rs_13_30_22,bimonovio,run_00,"dataset_id=""realsense_d455_vio_noise5""",0.0727219196863328,0.028087837204866198,0.06024911858973037,,1.0025851932574752,,0.8999980289376783,0,0,10.1
rs_vio_n5,rs_13_30_22,bimonovio,run_01,"dataset_id=""realsense_d455_vio_noise5""",0.06036791722950858,0.026491239559245518,0.054705569108659924,,1.002718169915401,,0.8965246131461132,0,0,10.1
rs_vio_n5,rs_13_30_22,bimonovio,run_02,"dataset_id=""realsense_d455_vio_noise5""",0.057526707993253025,0.023067054797969045,0.05729989214895354,,1.0105928107504256,,0.8999980289376783,0,0,10.1
rs_vio_n5,rs_13_31_26,bimonovio,run_00,"dataset_id=""realsense_d455_vio_noise5""",0.05400757732898166,0.02537916506559835,0.06703335612819286,,1.0152957758047683,,0.8982725022927421,0,0,8.1
rs_vio_n5,rs_13_31_26,bimonovio,run_01,"dataset_id=""realsense_d455_vio_noise5""",0.052203786772043966,0.0236180642653175,0.05842171975209722,,1.0121578152431403,,0.8982725022927421,0,0,8.1
rs_vio_n5,rs_13_31_26,bimonovio,run_02,"dataset_id=""realsense_d455_vio_noise5""",0.0759496939686531,0.026779801236487728,0.06385939779665438,,1.0150504845179904,,0.8982725022927421,0,0,8.1
rs_vio_n5,rs_13_34_21,bimonovio,run_00,"dataset_id=""realsense_d455_vio_noise5""",0.030685364246494224,0.02023365085016618,0.0418403930489255,,1.0093913236025007,,0.7093682991366256,0,0,4.1
rs_vio_n5,rs_13_34_21,bimonovio,run_01,"dataset_id=""realsense_d455_vio_noise5""",0.03709835639703251,0.02280223301390667,0.05482446316892981,,1.0148996833960529,,0.7035735819783907,0,0,4.1
rs_vio_n5,rs_13_34_21,bimonovio,run_02,"dataset_id=""realsense_d455_vio_noise5""",0.0313884519016017,0.025373209211963597,0.045747936739681916,,1.0104499676094718,,0.7093682991366256,0,0,4.1
rs_vio_n5,rs_13_36_44,bimonovio,run_00,"dataset_id=""realsense_d455_vio_noise5""",0.1425224561820414,0.05900292838592967,0.15125349585638811,,1.0021336447744937,,0.9208369584039109,0,0,12.1
rs_vio_n5,rs_13_36_44,bimonovio,run_01,"dataset_id=""realsense_d455_vio_noise5""",0.15808189458054492,0.06802797140039425,0.16944238029701345,,1.0007797034131722,,0.9226235033909812,0,0,12.1
rs_vio_n5,rs_13_36_44,bimonovio,run_02,"dataset_id=""realsense_d455_vio_noise5""",0.15992597584276239,0.0653773035334475,0.17502747589403236,,1.0121710074315395,,0.9238171169384135,0,0,12.1
rs_vio_n5,rs_13_41_28,bimonovio,run_00,"dataset_id=""realsense_d455_vio_noise5""",0.07530049080175458,0.04039270935905088,0.09539352862772164,,0.9998550093013339,,0.8454873818313978,0,0,6.1
rs_vio_n5,rs_13_41_28,bimonovio,run_01,"dataset_id=""realsense_d455_vio_noise5""",0.10242937259083366,0.038817734149057655,0.10946791633173747,,0.9978833752755404,,0.8337785104716924,0,0,6.1
rs_vio_n5,rs_13_41_28,bimonovio,run_02,"dataset_id=""realsense_d455_vio_noise5""",0.0974949743644685,0.05081470883744494,0.1237333110961385,,0.9994253019977496,,0.855066427015474,0,0,6.1
rs_vio_n5,rs_13_42_11,bimonovio,run_00,"dataset_id=""realsense_d455_vio_noise5""",0.1250253216846,0.05701689498543594,0.14706301133882868,,0.9948689643779142,,0.8901743742150688,0,0,10.1
rs_vio_n5,rs_13_42_11,bimonovio,run_01,"dataset_id=""realsense_d455_vio_noise5""",0.20674675175252802,0.07138042095215705,0.2050279991755168,,1.0063183807568492,,0.8940140882560176,0,0,10.1
rs_vio_n5,rs_13_42_11,bimonovio,run_02,"dataset_id=""realsense_d455_vio_noise5""",0.21898731469420898,0.06414037081018657,0.18684142215336938,,1.0045290477996844,,0.8940140882560176,0,0,10.1
rs_vio_n5,rs_13_45_18,bimonovio,run_00,"dataset_id=""realsense_d455_vio_noise5""",0.05608388289161759,0.02993898534496693,0.06485243070877159,,1.005151164313163,,0.8959303854274406,0,0,8.1
rs_vio_n5,rs_13_45_18,bimonovio,run_01,"dataset_id=""realsense_d455_vio_noise5""",0.051327184224914196,0.03115632553479849,0.060632621832826215,,1.002333852844681,,0.8877283849609664,0,0,8.1
rs_vio_n5,rs_13_45_18,bimonovio,run_02,"dataset_id=""realsense_d455_vio_noise5""",0.07104583465261534,0.03254246200380811,0.07336772582292393,,1.0016033280529493,,0.881174015672071,0,0,8.1
rs_vio_n6,rs_13_18_29,bimonovio,run_00,"dataset_id=""realsense_d455_vio_noise6""",0.04115729112354331,0.02188311715272265,0.041301166351521784,,1.0097777498244933,,0.8415206283575426,0,0,10.1
rs_vio_n6,rs_13_18_29,bimonovio,run_01,"dataset_id=""realsense_d455_vio_noise6""",0.03530259008096482,0.017782421448708636,0.03657054654541235,,1.0103721994821317,,0.8396005956320036,0,0,10.1
rs_vio_n6,rs_13_18_29,bimonovio,run_02,"dataset_id=""realsense_d455_vio_noise6""",0.0272251453404446,0.01829733374719915,0.03226157692651933,,1.004595428942158,,0.8402226085209579,0,0,10.1
rs_vio_n6,rs_13_21_59,bimonovio,run_00,"dataset_id=""realsense_d455_vio_noise6""",0.15359765077554988,0.052164690934949895,0.14738107421835897,,0.9985660839238891,,0.897737496002522,0,0,12.1
rs_vio_n6,rs_13_21_59,bimonovio,run_01,"dataset_id=""realsense_d455_vio_noise6""",0.16310989135456866,0.049334799920899876,0.16249628631818355,,1.0015972269985167,,0.8989003936899269,0,0,12.1
rs_vio_n6,rs_13_21_59,bimonovio,run_02,"dataset_id=""realsense_d455_vio_noise6""",0.1550022299537957,0.043147445138799416,0.10695523699056246,,0.9959840537069871,,0.8989003936899269,0,0,12.1
rs_vio_n6,rs_13_30_22,bimonovio,run_00,"dataset_id=""realsense_d455_vio_noise6""",0.04174536831695303,0.023315262733766894,0.05017730836642063,,1.0076878015869621,,0.8993040055595712,0,0,10.1
rs_vio_n6,rs_13_30_22,bimonovio,run_01,"dataset_id=""realsense_d455_vio_noise6""",0.04745966378327576,0.02629941781356793,0.05183520156825753,,1.009909362395125,,0.8993040055595712,0,0,10.1
rs_vio_n6,rs_13_30_22,bimonovio,run_02,"dataset_id=""realsense_d455_vio_noise6""",0.04639063631840976,0.021639886689941264,0.05337851547104272,,1.012222626489556,,0.895137104479151,0,0,10.1
rs_vio_n6,rs_13_31_26,bimonovio,run_00,"dataset_id=""realsense_d455_vio_noise6""",0.06830897766817816,0.027223185687480805,0.062583380028224,,1.0150689088591558,,0.8877644538862481,0,0,8.1
rs_vio_n6,rs_13_31_26,bimonovio,run_01,"dataset_id=""realsense_d455_vio_noise6""",0.08052360105370927,0.02620149093633409,0.07272555633163286,,1.0159877117703773,,0.8894320847262882,0,0,8.1
rs_vio_n6,rs_13_31_26,bimonovio,run_02,"dataset_id=""realsense_d455_vio_noise6""",0.10440324118672496,0.025575119082662072,0.0671354562980797,,1.0135231116563483,,0.8958421616833926,0,0,8.1
rs_vio_n6,rs_13_34_21,bimonovio,run_00,"dataset_id=""realsense_d455_vio_noise6""",0.03350679610721586,0.02121094210189046,0.04645469840885868,,1.0129533552860734,,0.7093682991366256,0,0,4.1
rs_vio_n6,rs_13_34_21,bimonovio,run_01,"dataset_id=""realsense_d455_vio_noise6""",0.0447222814647079,0.02324731662332585,0.059497096885567625,,1.0103850287909313,,0.746055012387402,0,0,4.1
rs_vio_n6,rs_13_34_21,bimonovio,run_02,"dataset_id=""realsense_d455_vio_noise6""",0.047408759127779816,0.024198954975238062,0.06656684143210563,,1.013145389756198,,0.7093682991366256,0,0,4.1
rs_vio_n6,rs_13_36_44,bimonovio,run_00,"dataset_id=""realsense_d455_vio_noise6""",0.24288181764502328,0.06524356243379842,0.18943362866977806,,1.0019551211919457,,0.9226235033909812,0,0,12.1
rs_vio_n6,rs_13_36_44,bimonovio,run_01,"dataset_id=""realsense_d455_vio_noise6""",0.18652876820544972,0.0577237687777542,0.1524244250048231,,1.0006174259631773,,0.9256032500713812,0,0,12.1
rs_vio_n6,rs_13_36_44,bimonovio,run_02,"dataset_id=""realsense_d455_vio_noise6""",0.15516589826299337,0.05368189072963161,0.17445881593915996,,1.0243760304130307,,0.9256032500713812,0,0,12.1
rs_vio_n6,rs_13_41_28,bimonovio,run_00,"dataset_id=""realsense_d455_vio_noise6""",0.10048027758894772,0.05160444358581757,0.13374478708344312,,0.9951021241081701,,0.8476254220169603,0,0,6.1
rs_vio_n6,rs_13_41_28,bimonovio,run_01,"dataset_id=""realsense_d455_vio_noise6""",0.12717867965515772,0.0482505979149495,0.1295147340975558,,0.9979037776739044,,0.8337785104716924,0,0,6.1
rs_vio_n6,rs_13_41_28,bimonovio,run_02,"dataset_id=""realsense_d455_vio_noise6""",0.06340777217823305,0.043810346867536994,0.09678579594623575,,1.0099366784215575,,0.8178187081998469,0,0,6.1
rs_vio_n6,rs_13_42_11,bimonovio,run_00,"dataset_id=""realsense_d455_vio_noise6""",0.19726642582686504,0.07397982253432997,0.20449817038368714,,1.021675686191137,,0.8916712483606204,0,0,10.1
rs_vio_n6,rs_13_42_11,bimonovio,run_01,"dataset_id=""realsense_d455_vio_noise6""",0.1367465886710757,0.06169868324735266,0.15024351130460756,,0.9917480681018804,,0.8916712483606204,0,0,10.1
rs_vio_n6,rs_13_42_11,bimonovio,run_02,"dataset_id=""realsense_d455_vio_noise6""",0.11655986358693846,0.05229817478577529,0.11089001701184423,,0.9943207803386185,,0.879732637569348,0,0,10.1
rs_vio_n6,rs_13_45_18,bimonovio,run_00,"dataset_id=""realsense_d455_vio_noise6""",0.1071994057331696,0.03328749118450077,0.0819061578016987,,0.9973001663766088,,0.8780989438386927,0,0,8.1
rs_vio_n6,rs_13_45_18,bimonovio,run_01,"dataset_id=""realsense_d455_vio_noise6""",0.10353764350269123,0.041460092404717416,0.10108936066021092,,0.9965297124852598,,0.8797423254598497,0,0,8.1
rs_vio_n6,rs_13_45_18,bimonovio,run_02,"dataset_id=""realsense_d455_vio_noise6""",0.06289503874427134,0.03476751611312922,0.07230495326899265,,1.000276122815385,,0.8877283849609664,0,0,8.1
rs_viom_n6,rs_13_18_29,bimonovio,run_00,"dataset_id=""realsense_d455_vio_noise6"" marginalization=1",0.05197900802374668,0.01996499870790571,0.04598290472195704,,1.0065828715291718,,0.8396005956320036,0,0,12.1
rs_viom_n6,rs_13_18_29,bimonovio,run_01,"dataset_id=""realsense_d455_vio_noise6"" marginalization=1",0.061356772867749244,0.02086772545263362,0.04326241720400238,,1.0072529086809625,,0.8389780014052897,0,0,12.1
rs_viom_n6,rs_13_18_29,bimonovio,run_02,"dataset_id=""realsense_d455_vio_noise6"" marginalization=1",0.07716838546456348,0.02223216701406513,0.050158636424970295,,1.0087621958613984,,0.8415206283575426,0,0,12.1
rs_viom_n6,rs_13_21_59,bimonovio,run_00,"dataset_id=""realsense_d455_vio_noise6"" marginalization=1",0.1785076225204562,0.05850448788574048,0.16593649382339665,,0.9885696578345166,,0.8901904310717524,0,0,18.1
rs_viom_n6,rs_13_21_59,bimonovio,run_01,"dataset_id=""realsense_d455_vio_noise6"" marginalization=1",0.16578426273867075,0.038034428033260584,0.17485040134115273,,1.0065918713117958,,0.42197150285343116,1,0,22.1
rs_viom_n6,rs_13_21_59,bimonovio,run_02,"dataset_id=""realsense_d455_vio_noise6"" marginalization=1",0.2519637721539323,0.07051709690629111,0.19306993528463662,,0.9961014754683917,,0.897737496002522,0,0,18.1
rs_viom_n6,rs_13_30_22,bimonovio,run_00,"dataset_id=""realsense_d455_vio_noise6"" marginalization=1",0.04266553805049762,0.022540619229694005,0.04460265921477498,,1.003937450960508,,0.8986080781733417,0,0,14.1
rs_viom_n6,rs_13_30_22,bimonovio,run_01,"dataset_id=""realsense_d455_vio_noise6"" marginalization=1",0.06978592246288633,0.02292629997017794,0.05050469461966596,,1.0027487311018248,,0.8972196340589106,0,0,14.1
rs_viom_n6,rs_13_30_22,bimonovio,run_02,"dataset_id=""realsense_d455_vio_noise6"" marginalization=1",0.060421731664994774,0.024004000980431563,0.047098991030699706,,1.0009649362880104,,0.895137104479151,0,0,12.1
rs_viom_n6,rs_13_31_26,bimonovio,run_00,"dataset_id=""realsense_d455_vio_noise6"" marginalization=1",0.06932391612262648,0.025476195495674033,0.07089396820827,,1.0168131121682185,,0.8901881194676766,0,0,12.1
rs_viom_n6,rs_13_31_26,bimonovio,run_01,"dataset_id=""realsense_d455_vio_noise6"" marginalization=1",0.06889793836687351,0.024711428882869303,0.06359773136684646,,1.0121552262072422,,0.8885760111922556,0,0,12.1
rs_viom_n6,rs_13_31_26,bimonovio,run_02,"dataset_id=""realsense_d455_vio_noise6"" marginalization=1",0.07264437739266193,0.02435360374537931,0.06332442075398782,,1.0167808528839484,,0.8659661612274886,0,0,12.1
rs_viom_n6,rs_13_34_21,bimonovio,run_00,"dataset_id=""realsense_d455_vio_noise6"" marginalization=1",0.08333725510388944,0.07081917157254371,0.13283104018512568,,1.021174899248085,,0.7055015127264542,0,0,6.1
rs_viom_n6,rs_13_34_21,bimonovio,run_01,"dataset_id=""realsense_d455_vio_noise6"" marginalization=1",1.5962662683067452,1.078268207945499,2.6319368516914876,,0.49588075904979967,,0.7441284630826318,0,0,6.1
rs_viom_n6,rs_13_34_21,bimonovio,run_02,"dataset_id=""realsense_d455_vio_noise6"" marginalization=1",0.1306812590925702,0.0686943212567642,0.2214048957943424,,1.010396287437434,,0.746055012387402,0,0,6.1
rs_viom_n6,rs_13_36_44,bimonovio,run_00,"dataset_id=""realsense_d455_vio_noise6"" marginalization=1",0.8779089623061527,0.2759837348988152,0.6593229029393449,,0.819375620631691,,0.9297753534341071,0,0,22.1
rs_viom_n6,rs_13_36_44,bimonovio,run_01,"dataset_id=""realsense_d455_vio_noise6"" marginalization=1",0.6689260944633343,0.1682949603591071,0.5899804776923053,,0.8620211281428983,,0.9226235033909812,0,0,22.1
rs_viom_n6,rs_13_36_44,bimonovio,run_02,"dataset_id=""realsense_d455_vio_noise6"" marginalization=1",1.9219327733511067,0.8445029931406649,1.6071187756138388,,0.478183719595118,,0.9262013261368361,0,0,24.1
rs_viom_n6,rs_13_41_28,bimonovio,run_00,"dataset_id=""realsense_d455_vio_noise6"" marginalization=1",3.493966742939575,1.2526080601418341,2.9570035446688525,,0.2508926574351871,,0.8742216630944604,0,0,14.1
rs_viom_n6,rs_13_41_28,bimonovio,run_01,"dataset_id=""realsense_d455_vio_noise6"" marginalization=1",1.4480084041936048,0.694684105895351,1.6674389774878478,,0.7220794363578025,,0.8731931041363236,0,0,14.1
rs_viom_n6,rs_13_41_28,bimonovio,run_02,"dataset_id=""realsense_d455_vio_noise6"" marginalization=1",2.5760414684791044,1.4510291988366377,3.941639354756195,,0.3753084478576374,,0.8933810220355753,0,0,14.1
rs_viom_n6,rs_13_42_11,bimonovio,run_00,"dataset_id=""realsense_d455_vio_noise6"" marginalization=1",0.4310383475724098,0.20495065182690808,0.4520434310002797,,0.9232374586118003,,0.8940140882560176,0,0,16.1
rs_viom_n6,rs_13_42_11,bimonovio,run_01,"dataset_id=""realsense_d455_vio_noise6"" marginalization=1",0.5985588908521488,0.34976364053850145,0.8541600666097257,,0.9810369133231145,,0.35614811760228693,1,0,18.1
rs_viom_n6,rs_13_42_11,bimonovio,run_02,"dataset_id=""realsense_d455_vio_noise6"" marginalization=1",0.9267773014025605,0.5299555205507016,1.1257160741480392,,0.8283803898370788,,0.9050900002509512,0,0,20.1
rs_viom_n6,rs_13_45_18,bimonovio,run_00,"dataset_id=""realsense_d455_vio_noise6"" marginalization=1",1.5063262538115711,0.44906260082492677,1.259585354200225,,0.652580037535172,,0.8910061020211036,0,0,18.1
rs_viom_n6,rs_13_45_18,bimonovio,run_01,"dataset_id=""realsense_d455_vio_noise6"" marginalization=1",3.758077108606792,1.097726916119158,3.2780427066077955,,0.236989680731875,,0.902481599298579,0,0,18.1
rs_viom_n6,rs_13_45_18,bimonovio,run_02,"dataset_id=""realsense_d455_vio_noise6"" marginalization=1",0.8069723894783716,0.7761952149188197,0.9043391461313218,,0.8475871361418624,,0.9139581907147192,0,0,16.1
rs_viomt,rs_13_18_29,bimonovio,run_00,"dataset_id=""realsense_d455_vio"" estimate_td=1 marginalization=1",0.5087546093935175,0.717522219120127,,,0.33642714266615514,,0.06351460124760044,2,0,16.1
rs_viomt,rs_13_18_29,bimonovio,run_01,"dataset_id=""realsense_d455_vio"" estimate_td=1 marginalization=1",2.4199584276995805,1.1101676731812578,2.1554927549555405,,0.39339110679931805,,0.8712841626328152,0,0,14.1
rs_viomt,rs_13_18_29,bimonovio,run_02,"dataset_id=""realsense_d455_vio"" estimate_td=1 marginalization=1",45.54432108192253,9.481571174367602,32.07719125717502,,0.02101686647538512,,0.8824640616348955,0,0,14.1
rs_viomt,rs_13_21_59,bimonovio,run_00,"dataset_id=""realsense_d455_vio"" estimate_td=1 marginalization=1",396.3760882266523,37.9393655314627,174.55477087063667,,0.0012983618305990841,,0.9616050445224245,0,0,18.1
rs_viomt,rs_13_21_59,bimonovio,run_01,"dataset_id=""realsense_d455_vio"" estimate_td=1 marginalization=1",121.90218904218231,14.874615923256496,67.04917086267662,,0.00808697180174871,,0.49512910621814327,1,0,16.1
rs_viomt,rs_13_21_59,bimonovio,run_02,"dataset_id=""realsense_d455_vio"" estimate_td=1 marginalization=1",146.42457464661723,41.337239027617876,155.52259433890893,,0.009940143030896373,,0.25736344663765626,3,0,18.1
rs_viomt,rs_13_30_22,bimonovio,run_00,"dataset_id=""realsense_d455_vio"" estimate_td=1 marginalization=1",26.009602265107933,6.378013378930007,19.335828825310468,,0.05526482280625956,,0.9416676150834663,0,0,16.1
rs_viomt,rs_13_30_22,bimonovio,run_01,"dataset_id=""realsense_d455_vio"" estimate_td=1 marginalization=1",2.962009247509612,1.5145269877860186,3.839775473066274,,0.3486858262578392,,0.2928782132496382,1,0,14.1
rs_viomt,rs_13_30_22,bimonovio,run_02,"dataset_id=""realsense_d455_vio"" estimate_td=1 marginalization=1",55328.31330476986,58327.3248400983,83150.35041123317,,2.347765017114515e-06,,0.1817701752260331,2,0,14.1
rs_viomt,rs_13_31_26,bimonovio,run_00,"dataset_id=""realsense_d455_vio"" estimate_td=1 marginalization=1",103.1602277670932,22.480186600488018,89.45919504055544,,0.004711683317511437,,0.9241026850682412,0,0,12.1
rs_viomt,rs_13_31_26,bimonovio,run_01,"dataset_id=""realsense_d455_vio"" estimate_td=1 marginalization=1",28.016932705702214,9.353599834182747,26.78699594082023,,0.01959346430562798,,0.9281403935762977,0,0,12.1
rs_viomt,rs_13_31_26,bimonovio,run_02,"dataset_id=""realsense_d455_vio"" estimate_td=1 marginalization=1",393.72823211274755,46.78767540530752,203.90297480434748,,0.001092860963802108,,0.9539767556855031,0,0,14.1
rs_viomt,rs_13_34_21,bimonovio,run_00,"dataset_id=""realsense_d455_vio"" estimate_td=1 marginalization=1",1.9381393305194454,1.370256188205062,2.763516989901004,,0.33228545618956185,,0.805928456985862,0,0,6.1
rs_viomt,rs_13_34_21,bimonovio,run_01,"dataset_id=""realsense_d455_vio"" estimate_td=1 marginalization=1",0.2652907843064404,0.24579100849192295,0.4285143327848317,,0.9862681058878918,,0.7866185390242535,0,0,6.1
rs_viomt,rs_13_34_21,bimonovio,run_02,"dataset_id=""realsense_d455_vio"" estimate_td=1 marginalization=1",2.003447346663279,1.3825532678822743,3.035195520497762,,0.3847172807688622,,0.8522879210558574,0,0,6.1
rs_viomt,rs_13_36_44,bimonovio,run_00,"dataset_id=""realsense_d455_vio"" estimate_td=1 marginalization=1",7.651386780096482,4.6908347367750665,16.24178160251107,,0.14926368665128578,,0.09706000185611283,2,0,18.1
rs_viomt,rs_13_36_44,bimonovio,run_01,"dataset_id=""realsense_d455_vio"" estimate_td=1 marginalization=1",18.918268288677176,4.990625127542566,14.68931752192418,,0.04058301447574473,,0.3435576966430166,1,0,18.1
rs_viomt,rs_13_36_44,bimonovio,run_02,"dataset_id=""realsense_d455_vio"" estimate_td=1 marginalization=1",224.36263702903153,60.045094392933414,210.59829169126706,,0.004185400880296568,,0.329255949313286,1,0,18.1
rs_viomt,rs_13_41_28,bimonovio,run_00,"dataset_id=""realsense_d455_vio"" estimate_td=1 marginalization=1",114.61270483032307,20.82523905456743,83.89736789796775,,0.009817369849263523,,0.9135962586535784,1,0,12.1
rs_viomt,rs_13_41_28,bimonovio,run_01,"dataset_id=""realsense_d455_vio"" estimate_td=1 marginalization=1",190.58487885257767,31.37824053862985,136.59761681688204,,0.006343843943885795,,0.918913209483443,0,0,12.1
rs_viomt,rs_13_41_28,bimonovio,run_02,"dataset_id=""realsense_d455_vio"" estimate_td=1 marginalization=1",40.65235827983224,17.95110507325423,39.74109480487148,,0.028979716431612585,,0.918913209483443,0,0,10.1
rs_viomt,rs_13_42_11,bimonovio,run_00,"dataset_id=""realsense_d455_vio"" estimate_td=1 marginalization=1",341.77283052626586,49.987159692327985,227.00761969532604,,0.0029034303584308057,,0.911801952391771,1,0,14.1
rs_viomt,rs_13_42_11,bimonovio,run_01,"dataset_id=""realsense_d455_vio"" estimate_td=1 marginalization=1",22.96687603767661,12.87811110669085,34.70343323577264,,0.03242541445704917,,0.25619319769207544,1,0,16.1
rs_viomt,rs_13_42_11,bimonovio,run_02,"dataset_id=""realsense_d455_vio"" estimate_td=1 marginalization=1",129.5600887506501,39.889872307628785,133.664937690415,,0.009675597814918864,,0.4404273159515479,1,0,16.1
rs_viomt,rs_13_45_18,bimonovio,run_00,"dataset_id=""realsense_d455_vio"" estimate_td=1 marginalization=1",,,,,,,0.0,1,0,12.1
rs_viomt,rs_13_45_18,bimonovio,run_01,"dataset_id=""realsense_d455_vio"" estimate_td=1 marginalization=1",305.325455936659,38.91067584603148,162.7349151357196,,0.0018459054894288667,,0.9336208589721202,1,0,12.1
rs_viomt,rs_13_45_18,bimonovio,run_02,"dataset_id=""realsense_d455_vio"" estimate_td=1 marginalization=1",97.01605755051153,21.41374312504047,83.61455780459873,,0.006754930918200877,,0.9336208589721202,0,0,14.1
rs_viomt_n6,rs_13_18_29,bimonovio,run_00,"dataset_id=""realsense_d455_vio_noise6"" estimate_td=1 marginalization=1",0.05201098950515133,0.018814828120808272,0.0404466358175113,,1.0024661315435266,,0.8402226085209579,0,0,12.1
rs_viomt_n6,rs_13_18_29,bimonovio,run_01,"dataset_id=""realsense_d455_vio_noise6"" estimate_td=1 marginalization=1",0.06006830680724551,0.015163740121041294,0.036341064397052134,,1.0034781191487172,,0.8402226085209579,0,0,12.1
rs_viomt_n6,rs_13_18_29,bimonovio,run_02,"dataset_id=""realsense_d455_vio_noise6"" estimate_td=1 marginalization=1",0.041044506910711175,0.019942479245330984,0.04013136892219975,,1.0053541699669717,,0.8415206283575426,0,0,12.1
rs_viomt_n6,rs_13_21_59,bimonovio,run_00,"dataset_id=""realsense_d455_vio_noise6"" estimate_td=1 marginalization=1",0.09725773152967371,0.032824740014718655,0.08569041012832795,,1.0078052874575605,,0.8989003936899269,0,0,18.1
rs_viomt_n6,rs_13_21_59,bimonovio,run_01,"dataset_id=""realsense_d455_vio_noise6"" estimate_td=1 marginalization=1",0.10843682446031488,0.0295785978224114,0.08568020341805548,,0.9993657844003928,,0.8867049772788617,0,0,18.1
rs_viomt_n6,rs_13_21_59,bimonovio,run_02,"dataset_id=""realsense_d455_vio_noise6"" estimate_td=1 marginalization=1",0.14261692669769352,0.037045223494545296,0.10346246800232091,,0.9893946411396787,,0.897737496002522,0,0,18.1
rs_viomt_n6,rs_13_30_22,bimonovio,run_00,"dataset_id=""realsense_d455_vio_noise6"" estimate_td=1 marginalization=1",0.0711584093037587,0.022339308039874328,0.05124312636836139,,0.9999664599014294,,0.895137104479151,0,0,14.1
rs_viomt_n6,rs_13_30_22,bimonovio,run_01,"dataset_id=""realsense_d455_vio_noise6"" estimate_td=1 marginalization=1",0.0405429032272238,0.022712258323332443,0.04720039120822579,,1.010727334458895,,0.9006968578667208,0,0,14.1
rs_viomt_n6,rs_13_30_22,bimonovio,run_02,"dataset_id=""realsense_d455_vio_noise6"" estimate_td=1 marginalization=1",0.06977015164602053,0.023151121505265,0.047656766419223145,,1.0016561981321352,,0.8986080781733417,0,0,14.1
rs_viomt_n6,rs_13_31_26,bimonovio,run_00,"dataset_id=""realsense_d455_vio_noise6"" estimate_td=1 marginalization=1",0.08061510503804221,0.023768778221327492,0.06498868163448558,,1.0132852738158487,,0.8877644538862481,0,0,14.1
rs_viomt_n6,rs_13_31_26,bimonovio,run_01,"dataset_id=""realsense_d455_vio_noise6"" estimate_td=1 marginalization=1",68.27197729027849,18.013352723358647,75.06221992587606,,0.011497128990882895,,0.9886938357820796,0,0,20.1
rs_viomt_n6,rs_13_31_26,bimonovio,run_02,"dataset_id=""realsense_d455_vio_noise6"" estimate_td=1 marginalization=1",0.06635479580796669,0.025525632307389808,0.07150539812031576,,1.0139553721044197,,0.8869554664900532,0,0,12.1
rs_viomt_n6,rs_13_34_21,bimonovio,run_00,"dataset_id=""realsense_d455_vio_noise6"" estimate_td=1 marginalization=1",0.0471606263958836,0.028967611633223,0.0754196982888398,,1.0141989573627983,,0.7286747634900009,0,0,8.1
rs_viomt_n6,rs_13_34_21,bimonovio,run_01,"dataset_id=""realsense_d455_vio_noise6"" estimate_td=1 marginalization=1",0.028913317758109222,0.019579586195703335,0.03977834142248786,,1.010350255182143,,0.6997106520974131,0,0,6.1
rs_viomt_n6,rs_13_34_21,bimonovio,run_02,"dataset_id=""realsense_d455_vio_noise6"" estimate_td=1 marginalization=1",0.8446763783303605,0.5334362716631755,1.1959189995210138,,0.7320175713670264,,0.7479906216577706,0,0,6.1
rs_viomt_n6,rs_13_36_44,bimonovio,run_00,"dataset_id=""realsense_d455_vio_noise6"" estimate_td=1 marginalization=1",1.6480355659112045,0.7193312353832553,1.5582962614583995,,0.537930326801055,,0.9232205320688475,0,0,26.1
rs_viomt_n6,rs_13_36_44,bimonovio,run_01,"dataset_id=""realsense_d455_vio_noise6"" estimate_td=1 marginalization=1",0.7322713736207841,0.61197803974183,0.7654652127411131,,0.8625871403507606,,0.929197728055129,0,0,22.1
rs_viomt_n6,rs_13_36_44,bimonovio,run_02,"dataset_id=""realsense_d455_vio_noise6"" estimate_td=1 marginalization=1",33.96660862400379,5.368522124669823,19.03686979088259,,0.007637168514955128,,0.9256032500713812,0,0,24.1
rs_viomt_n6,rs_13_41_28,bimonovio,run_00,"dataset_id=""realsense_d455_vio_noise6"" estimate_td=1 marginalization=1",4.701455909091264,1.5839834260917347,4.804671205276323,,0.20502694337280944,,0.8688999995160395,0,0,14.1
rs_viomt_n6,rs_13_41_28,bimonovio,run_01,"dataset_id=""realsense_d455_vio_noise6"" estimate_td=1 marginalization=1",2.387315592273763,2.2676792888384076,3.616920336148264,,0.38230660630178104,,0.24635585449308278,1,0,14.1
rs_viomt_n6,rs_13_41_28,bimonovio,run_02,"dataset_id=""realsense_d455_vio_noise6"" estimate_td=1 marginalization=1",0.5043573883919437,0.19916189698750747,0.48313066028352714,,1.003869249823282,,0.8774151940421572,0,0,14.1
rs_viomt_n6,rs_13_42_11,bimonovio,run_00,"dataset_id=""realsense_d455_vio_noise6"" estimate_td=1 marginalization=1",2.648141956629562,2.54765189453976,2.660364293030804,,0.40046624411302056,,0.9125495070230673,0,0,18.1
rs_viomt_n6,rs_13_42_11,bimonovio,run_01,"dataset_id=""realsense_d455_vio_noise6"" estimate_td=1 marginalization=1",14.831938266542748,4.190526282287257,9.943128561987328,,0.023958091189035764,,0.8953963072469184,0,0,22.1
rs_viomt_n6,rs_13_42_11,bimonovio,run_02,"dataset_id=""realsense_d455_vio_noise6"" estimate_td=1 marginalization=1",1.2836014141263643,0.7282391532155659,1.7588810956675918,,0.6765670162999109,,0.4857408904199063,1,0,18.1
rs_viomt_n6,rs_13_45_18,bimonovio,run_00,"dataset_id=""realsense_d455_vio_noise6"" estimate_td=1 marginalization=1",0.1265189282822917,0.09070982348579282,0.12852608015549752,,0.9944981800122606,,0.916415626156264,0,0,18.1
rs_viomt_n6,rs_13_45_18,bimonovio,run_01,"dataset_id=""realsense_d455_vio_noise6"" estimate_td=1 marginalization=1",0.059816430003079,0.050166011076265477,0.08625630127598546,,1.0003103503285458,,0.9032995558725084,0,0,18.1
rs_viomt_n6,rs_13_45_18,bimonovio,run_02,"dataset_id=""realsense_d455_vio_noise6"" estimate_td=1 marginalization=1",1.3693532504043149,0.53428720328268,1.1865640854946435,,0.6992500204087974,,0.9237912735114646,0,0,20.1
rs_vo,rs_13_18_29,bimono,run_00,"dataset_id=""realsense_d455_vio""",0.04514633333063658,0.0215365578220172,0.04274999114037957,,1.0067875389586467,,0.8203078875118545,0,0,10.1
rs_vo,rs_13_18_29,bimono,run_01,"dataset_id=""realsense_d455_vio""",0.03878897315950747,0.021138350866672987,0.04060862866452533,,1.0024750948029277,,0.8227945986583146,0,0,10.1
rs_vo,rs_13_18_29,bimono,run_02,"dataset_id=""realsense_d455_vio""",0.04616624052372195,0.020896767151236808,0.04385752871178914,,1.0038939128428563,,0.8227945986583146,0,0,10.1
rs_vo,rs_13_21_59,bimono,run_00,"dataset_id=""realsense_d455_vio""",0.07708528582951225,0.03948089861557457,0.06538858057098396,,1.000986531117199,,0.9031691069583302,0,0,12.1
rs_vo,rs_13_21_59,bimono,run_01,"dataset_id=""realsense_d455_vio""",0.08572538141461797,0.03837115540519757,0.06666434298275166,,1.0023803303017016,,0.9008448446992366,0,0,12.1
rs_vo,rs_13_21_59,bimono,run_02,"dataset_id=""realsense_d455_vio""",0.13908053863051312,0.04816780167236833,0.10598734224988306,,1.0081078454458992,,0.89852214670268,0,0,12.1
rs_vo,rs_13_30_22,bimono,run_00,"dataset_id=""realsense_d455_vio""",0.05569874065705283,0.025462463865337178,0.05667566176414329,,1.0040898552715596,,0.9208331841860304,0,0,10.1
rs_vo,rs_13_30_22,bimono,run_01,"dataset_id=""realsense_d455_vio""",0.04732876782646622,0.02259999878019062,0.05335976468172079,,1.0042777330550177,,0.9208331841860304,0,0,10.1
rs_vo,rs_13_30_22,bimono,run_02,"dataset_id=""realsense_d455_vio""",0.04754815530253691,0.022700395226100643,0.05093407672184964,,1.004647478578192,,0.9201403942740548,0,0,10.1
rs_vo,rs_13_31_26,bimono,run_00,"dataset_id=""realsense_d455_vio""",0.07761701515431368,0.03220888799094231,0.06719396190808186,,1.0127569084507697,,0.8813081329902147,0,0,8.1
rs_vo,rs_13_31_26,bimono,run_01,"dataset_id=""realsense_d455_vio""",0.07705438688791519,0.028925742599571057,0.07004120252011736,,1.0092943242829298,,0.8885691821622483,0,0,8.1
rs_vo,rs_13_31_26,bimono,run_02,"dataset_id=""realsense_d455_vio""",0.0600290506273423,0.028868078954756106,0.06280477986280494,,1.0120588605865002,,0.8853417893183797,0,0,8.1
rs_vo,rs_13_34_21,bimono,run_00,"dataset_id=""realsense_d455_vio""",0.028572021618339077,0.022456266350151504,0.03998962782841462,,1.0085382663434896,,0.7363897328739942,0,0,4.1
rs_vo,rs_13_34_21,bimono,run_01,"dataset_id=""realsense_d455_vio""",0.025190203314083108,0.022359910220675495,0.03574692812983138,,1.009126113965044,,0.7344235937068443,0,0,4.1
rs_vo,rs_13_34_21,bimono,run_02,"dataset_id=""realsense_d455_vio""",0.035204977219875,0.02189834595729759,0.04896951255086635,,1.0076294653071924,,0.7421480720255063,0,0,4.1
rs_vo,rs_13_36_44,bimono,run_00,"dataset_id=""realsense_d455_vio""",0.17447510293936883,0.06520661763227682,0.13662632299803165,,0.9982421303498616,,0.9241971269079101,0,0,12.1
rs_vo,rs_13_36_44,bimono,run_01,"dataset_id=""realsense_d455_vio""",0.20125215898377685,0.06047339024837646,0.12667961758856358,,1.0001866448555254,,0.9253907404553424,0,0,12.1
rs_vo,rs_13_36_44,bimono,run_02,"dataset_id=""realsense_d455_vio""",0.0989536374684893,0.05850566034414747,0.14089966345097826,,0.9987910881108382,,0.9206241896038246,0,0,12.1
rs_vo,rs_13_41_28,bimono,run_00,"dataset_id=""realsense_d455_vio""",0.06559638164188608,0.04967376296600812,0.07890338370907277,,0.9966947941958813,,0.8794608948017667,0,0,8.1
rs_vo,rs_13_41_28,bimono,run_01,"dataset_id=""realsense_d455_vio""",0.05289080734793522,0.04321853420650952,0.08170484776665499,,0.9957043595360372,,0.8794608948017667,0,0,6.1
rs_vo,rs_13_41_28,bimono,run_02,"dataset_id=""realsense_d455_vio""",0.06489156483086059,0.0401262245356147,0.07665536605503687,,0.9914738919331527,,0.8805240287160011,0,0,6.1
rs_vo,rs_13_42_11,bimono,run_00,"dataset_id=""realsense_d455_vio""",0.23214960154053785,0.10350933534964482,0.22852746142070016,,0.9885260326238795,,0.9080752086423962,0,0,10.1
rs_vo,rs_13_42_11,bimono,run_01,"dataset_id=""realsense_d455_vio""",0.1385197419195677,0.07973908184000256,0.17569465412608595,,0.9965140430616416,,0.9006144393343599,0,0,10.1
rs_vo,rs_13_42_11,bimono,run_02,"dataset_id=""realsense_d455_vio""",0.11156982080323119,0.06871468970451303,0.1334741408731905,,0.9998643183903108,,0.8976338009673026,0,0,10.1
rs_vo,rs_13_45_18,bimono,run_00,"dataset_id=""realsense_d455_vio""",0.05030813312690677,0.033913780769432585,0.06795084239841236,,1.0030781568330172,,0.909858887861777,0,0,8.1
rs_vo,rs_13_45_18,bimono,run_01,"dataset_id=""realsense_d455_vio""",0.053820367549233986,0.03653306872132767,0.0737221241664783,,1.001461559978737,,0.9123162451505601,0,0,8.1
rs_vo,rs_13_45_18,bimono,run_02,"dataset_id=""realsense_d455_vio""",0.06863753787108436,0.03438341715369678,0.0742351450101661,,1.0017947759491628,,0.9123162451505601,0,0,8.1
rss_fix10,magistrale2,bimonovio,run_00,estimate_td=1 marginalization=1,1.6460996950675988,0.016473989743318276,0.05484605261662982,0.7234801611538472,1.0,3.6004225660959657,0.9943566473714888,0,0,546.2
rss_mem,magistrale2,bimonovio,run_00,estimate_td=1 marginalization=1,4.663756591739762,0.01765623632842499,0.05235179654993733,0.7078007992152522,1.0,10.218915987536999,0.9943566473714888,0,0,498.2
rsssp_final5,magistrale2,bimonovio,run_00,marginalization=1 sparsification=1,3.2710106781570354,0.020138051441161074,0.059540667756691215,0.7000571937615758,1.0,7.176304836508947,0.9944491638656415,0,0,570.9
rsssp_mem2,magistrale2,bimonovio,run_00,marginalization=1 sparsification=1,4.101980345562878,0.019533091173628545,0.06639788285076138,0.669668202005282,1.0,9.029612338216843,0.9944491638656415,0,0,587.0
syn_d,rs_13_18_29_synthimu,bimonovio,run_00,"dataset_id=""realsense_d455_vio""",2.039077460877266,1.539704607414068,3.7624264951129125,,0.34958800463526984,,0.3505214568230948,1,0,12.1
syn_diag,rs_13_18_29_synthimu,bimonovio,run_00,"dataset_id=""realsense_d455_vio""",5.783132346678897,3.635196295635827,5.834300238490015,,0.19423186165473344,,0.8818434521026989,0,0,12.1
syn_mt,rs_13_18_29_synthimu,bimonovio,run_00,"dataset_id=""realsense_d455_vio"" estimate_td=1 marginalization=1",5.524620338208904,3.4469501900840327,9.623766975090748,,0.10833892679518074,,0.35612356813223556,1,0,20.1
syn_sh,rs_synth_sh-15,bimonovio,run_00,"dataset_id=""realsense_d455_vio""",1.5025605106840796,0.9631408710194788,2.148603726215666,,0.6391039518494867,,0.8818434521026989,0,0,14.1
syn_sh,rs_synth_sh-30,bimonovio,run_00,"dataset_id=""realsense_d455_vio""",51.24524005254851,7.25266982025449,28.154589667368736,,0.016766639358601086,,0.8762526417033839,0,0,12.1
syn_sh,rs_synth_sh15,bimonovio,run_00,"dataset_id=""realsense_d455_vio""",,,,,,,0.0,2,0,12.1
syn_sh,rs_synth_sh30,bimonovio,run_00,"dataset_id=""realsense_d455_vio""",,,,,,,0.0,3,0,16.1
tdiag,magistrale2,bimonovio,run_00,"dataset_id=""tumvi_512_ds_dt2p5ms"" marginalization=1",0.0714754602735284,0.0256488833098799,0.06083549132012718,1.0519356929869443,1.0,,0.21695030622426234,1,0,196.1
tdiag,magistrale2,bimonovio,run_01,"dataset_id=""tumvi_512_ds_dt2p5ms"" marginalization=1",1.9830403004067447,0.013275872938724832,0.03437317477996648,0.7462610465609596,1.0,4.327947236484844,0.9945416785952563,0,0,170.1
viewer_vio,magistrale2,bimonovio,run_00,estimate_td=1 marginalization=1,2.8062284853777424,0.01529027480390237,0.04563595308215305,0.7419198672146973,1.0,6.149267692659938,0.9945416785952563,0,0,348.1
viewer_vio,room1,bimonovio,run_00,estimate_td=1 marginalization=1,0.08913665387592559,0.013493073476136968,0.03695160271752625,0.7002145146688873,1.0,,0.9815670650925321,0,0,158.1
viewer_vio,room2,bimonovio,run_00,estimate_td=1 marginalization=1,0.08921824876736974,0.013083485811741612,0.03361437132504698,0.8099016637150123,1.0,,0.9937530118164245,0,0,138.1
viewer_vio,room3,bimonovio,run_00,estimate_td=1 marginalization=1,0.10449713163118167,0.015749202974738242,0.055598836258438734,0.933604357454783,1.0,,0.9787212899326021,0,0,82.1
viewer_vio,room4,bimonovio,run_00,estimate_td=1 marginalization=1,0.06294607378862782,0.01239992831428348,0.03282697457507323,0.6400677826149928,1.0,,0.9838307221336722,0,0,58.1
viewer_vio,room5,bimonovio,run_00,estimate_td=1 marginalization=1,0.0844377770014801,0.017267690349675142,0.05129803798066391,0.7510102927313796,1.0,,0.9750522923035297,0,0,100.1
viewer_vio,room6,bimonovio,run_00,estimate_td=1 marginalization=1,0.058767107714455244,0.00862363625763925,0.030114828467584988,0.5969535247997183,1.0,,0.9335860996322481,0,0,50.1
viewer_vo,magistrale2,bimono,run_00,,6.936827301937924,0.03578958330791753,0.06989754356958856,1.3140870651355199,1.0,14.843464582247963,0.9952818224591106,0,0,100.2
viewer_vo,room1,bimono,run_00,,0.13914051696709856,0.0251191513421419,0.06156735670724785,0.9106625971671071,1.0,,0.9815670650925321,0,0,18.1
viewer_vo,room2,bimono,run_00,,0.2146884993836069,0.03232850524510695,0.08373848222763917,1.2222739270466194,1.0,,0.9934059142535638,0,0,18.1
viewer_vo,room3,bimono,run_00,,0.15406091912248812,0.026906802511208725,0.07763135112250537,1.3386459457419926,1.0,,0.9769491263725417,0,0,18.1
viewer_vo,room4,bimono,run_00,,0.1199741256422647,0.02884642903920208,0.054849317455732176,1.4669692241373398,1.0,,0.9842797607348203,0,0,14.1
viewer_vo,room5,bimono,run_00,,0.1612748361019528,0.02711009613424391,0.05369169060001036,1.1106676453281892,1.0,,0.9757550379077713,0,0,18.1
viewer_vo,room6,bimono,run_00,,0.07078069736988797,0.018239143766522813,0.04192828746335184,0.7298647015191557,1.0,,0.9275141194147912,0,0,16.1
vo_marg,magistrale2,bimono,run_00,marginalization=1,164.65148508831552,187.44169513411143,,10.323393975007086,1.0,,0.007771098330268953,0,0,132.2
vo_marg,magistrale2,bimono,run_01,marginalization=1,6.449472662950528,0.04029148928143031,0.10041134289395323,1.3433057133137545,1.0,13.73296889040951,0.9951893081706303,0,0,132.2
vo_marg,magistrale2,bimono,run_02,marginalization=1,8.410973348883802,0.0341383978282569,0.06808770197339342,1.3312455177033928,1.0,17.87775723935344,0.9951893081706303,0,0,132.2
vo_marg,room1,bimono,run_00,marginalization=1,0.1780370197940803,0.024468382695407704,0.061424420538006834,0.9113922659946762,1.0,,0.9819216719121096,0,0,48.1
vo_marg,room1,bimono,run_01,marginalization=1,0.18323300472757642,0.024407167904157912,0.057596907603318356,0.9271934240610985,1.0,,0.9815670650925321,0,0,48.1
vo_marg,room1,bimono,run_02,marginalization=1,0.22544582298019458,0.025266385087111327,0.06078497208062886,0.9519372965428731,1.0,,0.9829855042068506,0,0,48.1
vo_marg,room2,bimono,run_00,marginalization=1,0.18729246726491686,0.0360764217093123,0.08857550371341778,1.2901299784248481,1.0,,0.9934059142535638,0,0,50.1
vo_marg,room2,bimono,run_01,marginalization=1,0.16211011114475782,0.02871137256708973,0.06190943636275118,1.1513899733982786,1.0,,0.9930588100704625,0,0,50.2
vo_marg,room2,bimono,run_02,marginalization=1,0.1549414554527796,0.02861550049948351,0.06509748320279808,1.198388029067869,1.0,,0.9927117125076018,0,0,50.1
vo_marg,room3,bimono,run_00,marginalization=1,0.13649616563654965,0.023341209426776897,0.0682744913512133,1.2883127884255972,1.0,,0.9776583448468358,0,0,52.2
vo_marg,room3,bimono,run_01,marginalization=1,0.15181722734918535,0.022751765273661587,0.07242438852786635,1.2173011006960754,1.0,,0.9758851904464584,0,0,52.1
vo_marg,room3,bimono,run_02,marginalization=1,0.1419495732537604,0.0223114404452883,0.06685170670302248,1.187516855532867,1.0,,0.9783675616302762,0,0,52.2
vo_marg,room4,bimono,run_00,marginalization=1,0.10388596678240002,0.026535233426279746,0.05973209607257595,1.535490289898518,1.0,,0.9838307242747653,0,0,34.1
vo_marg,room4,bimono,run_01,marginalization=1,0.09705346818521997,0.03130197008292714,0.06143896339491057,1.447573271490811,1.0,,0.9838307242747653,0,0,34.1
vo_marg,room4,bimono,run_02,marginalization=1,0.08309503387863922,0.023036182891538016,0.05165784645452148,1.4099824070575881,1.0,,0.9842797607348203,0,0,34.2
vo_marg,room5,bimono,run_00,marginalization=1,0.1655615115978594,0.03417371335667078,0.07163736395318973,1.1436651582894228,1.0,,0.9761064098721872,0,0,52.2
vo_marg,room5,bimono,run_01,marginalization=1,0.20064189813733319,0.03562514076665705,0.07499975720178259,1.2049298103292798,1.0,,0.973647111045855,0,0,52.1
vo_marg,room5,bimono,run_02,marginalization=1,0.17475391639038196,0.0354101759497639,0.07872186544807598,1.1822338240446353,1.0,,0.974700933742392,0,0,50.1
vo_marg,room6,bimono,run_00,marginalization=1,0.09815401775029774,0.016879830053473238,0.04074604505187869,0.697630872362456,1.0,,0.9259961003836005,0,0,34.1
vo_marg,room6,bimono,run_01,marginalization=1,0.08954319797521663,0.016513879156723334,0.03877263372725751,0.754427473807967,1.0,,0.9267550981369791,0,0,34.2
vo_marg,room6,bimono,run_02,marginalization=1,0.10329927682656802,0.01850948679695178,0.0458253119817623,0.7770578861254485,1.0,,0.926375596545932,0,0,34.1
vo_margsparse,magistrale2,bimono,run_00,marginalization=1 sparsification=1,6.96211450805866,0.03777294603987279,0.08484668073084925,1.3079626170382521,1.0,14.834901688140564,0.9951893081706303,0,0,136.2
vo_margsparse,magistrale2,bimono,run_01,marginalization=1 sparsification=1,5.359668575694914,0.046932546457244234,0.09635373734355354,1.5312384034739035,1.0,11.41137997702882,0.9951893081706303,0,0,136.1
vo_margsparse,magistrale2,bimono,run_02,marginalization=1 sparsification=1,,,,,,,0.0,0,1,78.0
vo_margsparse,room1,bimono,run_00,marginalization=1 sparsification=1,0.17064702243008753,0.024806469373747243,0.06198392319788637,0.9386192058744377,1.0,,0.9815670650925321,0,0,50.1
vo_margsparse,room1,bimono,run_01,marginalization=1 sparsification=1,0.17530043859697314,0.02427663128701594,0.057127069453789564,0.9059213678397751,1.0,,0.980504139097883,0,0,50.1
vo_margsparse,room1,bimono,run_02,marginalization=1 sparsification=1,0.2690396976625016,0.024285879767696344,0.06308354773603359,0.9228769909427537,1.0,,0.9819216719121096,0,0,50.1
vo_margsparse,room2,bimono,run_00,marginalization=1 sparsification=1,0.16850297554036733,0.02676745451244581,0.0668567120458745,1.107439423026029,1.0,,0.9920175008312788,0,0,52.1
vo_margsparse,room2,bimono,run_01,marginalization=1 sparsification=1,0.20459126676768985,0.023269174045737365,0.06120488059610786,1.0751495736639287,1.0,,0.9923646066694403,0,0,50.1
vo_margsparse,room2,bimono,run_02,marginalization=1 sparsification=1,0.14090297838208704,0.02217470586477267,0.05658073765272351,1.102370748310011,1.0,,0.9927117125076018,0,0,52.1
vo_margsparse,room3,bimono,run_00,marginalization=1 sparsification=1,0.1557036210301512,0.020835456283885737,0.07062880082279867,1.1190001626307384,1.0,,0.9769491263725417,0,0,54.2
vo_margsparse,room3,bimono,run_01,marginalization=1 sparsification=1,0.14473961110926475,0.021613053655252932,0.0660672284154705,1.0989443043781444,1.0,,0.9769491263725417,0,0,54.1
vo_margsparse,room3,bimono,run_02,marginalization=1 sparsification=1,0.1656045571806425,0.021736230708469948,0.07108259477986936,1.1336277023501027,1.0,,0.9758851904464584,0,0,54.2
vo_margsparse,room4,bimono,run_00,marginalization=1 sparsification=1,0.10728410735499551,0.024826138004184164,0.05644698564566804,1.4229106370719733,1.0,,0.9838307242747653,0,0,36.1
vo_margsparse,room4,bimono,run_01,marginalization=1 sparsification=1,0.09863807492003678,0.025752259373137264,0.05539837900042085,1.4003900644169096,1.0,,0.9842797607348203,0,0,36.1
vo_margsparse,room4,bimono,run_02,marginalization=1 sparsification=1,0.15592408167582017,0.027231637165900685,0.06239867466276507,1.3817132021633465,1.0,,0.9842797607348203,0,0,36.1
vo_margsparse,room5,bimono,run_00,marginalization=1 sparsification=1,0.18525825246734534,0.02970954206265068,0.06090468775140012,1.1435967042169781,1.0,,0.9761064098721872,0,0,52.1
vo_margsparse,room5,bimono,run_01,marginalization=1 sparsification=1,0.15056154977962544,0.03385880621096425,0.06724736393986605,1.22163103572765,1.0,,0.9739981948397894,0,0,52.1
vo_margsparse,room5,bimono,run_02,marginalization=1 sparsification=1,0.1973571610649262,0.02945560654130303,0.061723484929721524,1.1569580537350015,1.0,,0.9761064098721872,0,0,52.2
vo_margsparse,room6,bimono,run_00,marginalization=1 sparsification=1,0.10726254253360987,0.016568012238805323,0.04187311356224199,0.6987589111360285,1.0,,0.926375596545932,0,0,34.1
vo_margsparse,room6,bimono,run_01,marginalization=1 sparsification=1,0.07021825661625265,0.01663758735675263,0.03691179835628703,0.746479615589822,1.0,,0.9267550981369791,0,0,34.2
vo_margsparse,room6,bimono,run_02,marginalization=1 sparsification=1,0.06954482415613716,0.016271590685835557,0.0372223753651181,0.7122188269703262,1.0,,0.9267550981369791,0,0,36.1
vofix_default,magistrale2,bimono,run_00,,8.244550864601507,0.03960799079617549,0.08380129489992089,1.3757531078198229,1.0,17.650042753441397,0.9948192271954457,0,0,70.1
vofix_default,magistrale2,bimono,run_01,,6.865741303814311,0.03892050695213455,0.07008079733673214,1.3522818190235733,1.0,14.651298172919175,0.9953743385121289,0,0,70.1
vofix_default,magistrale2,bimono,run_02,,6.930703555612936,0.0521579842832437,0.09403015480769968,1.7690986435534004,1.0,14.84838980912724,0.9951893081706303,0,0,68.1
vofix_default,magistrale2,bimono,run_03,,7.648380622072797,0.04201793640937949,0.09522402028891065,1.5007078171301693,1.0,16.278107682771058,0.9951893081706303,0,0,68.1
vofix_default,magistrale2,bimono,run_04,,6.531464575807416,0.05282434536505679,0.11531669873424559,1.6932905157992753,1.0,13.84630264645625,0.9951893081706303,0,0,68.1
vofix_default,magistrale2,bimono,run_05,,7.754708962829082,0.05213103571030649,0.10911617233420796,1.8617004226879477,1.0,16.51522044857434,0.9951893081706303,0,0,68.1
vofix_marg,magistrale2,bimono,run_00,marginalization=1,8.06314482717991,0.042093670288430904,0.09742745112379717,1.4320488563544962,1.0,17.18849724106474,0.9951893081706303,0,0,134.2
vofix_marg,magistrale2,bimono,run_01,marginalization=1,6.938922890816713,0.061678405220350056,0.1559079430118205,1.9558110854849833,1.0,14.75993965981887,0.9951893081706303,0,0,136.1
vofix_marg,magistrale2,bimono,run_02,marginalization=1,6.089233686960038,0.04597906362686643,0.11465497817416985,1.517185463325532,1.0,12.981003270665235,0.9948192271954457,0,0,136.2
vofix_marg,room1,bimono,run_00,marginalization=1,0.1549431083138416,0.026217831747063033,0.06346559318405315,0.9263785393395031,1.0,,0.9819216719121096,0,0,50.1
vofix_marg,room1,bimono,run_01,marginalization=1,0.24694420618528792,0.02401744864592911,0.0649089939119987,0.9162128670319076,1.0,,0.9819216719121096,0,0,50.2
vofix_marg,room1,bimono,run_02,marginalization=1,0.1556220695515286,0.023977597496428443,0.061259750974906775,0.934153688248603,1.0,,0.9819216719121096,0,0,50.1
vofix_marg,room1,bimono,run_03,marginalization=1,2.8942235229654663,0.589164933081835,1.27977437919671,12.145794756731224,1.0,,0.9801495272057305,0,0,48.2
vofix_marg,room1,bimono,run_04,marginalization=1,0.2147507658719587,0.02449317451213395,0.05923288332024486,0.9114909966735171,1.0,,0.980504139097883,0,0,48.2
vofix_marg,room1,bimono,run_05,marginalization=1,0.23649698986122714,0.02219974612005101,0.05668847479040315,0.898643706590761,1.0,,0.9829855042068506,0,0,50.1
vofix_margsparse,magistrale2,bimono,run_00,marginalization=1 sparsification=1,0.20531336799115288,0.05728888247836688,0.13016404158233055,1.8688274898164214,1.0,,0.5728574725314572,0,0,140.2
vofix_margsparse,magistrale2,bimono,run_01,marginalization=1 sparsification=1,7.618734951480897,0.050101395523569896,0.11149463418423383,1.6841170987859997,1.0,16.241653551936643,0.9952818224591106,0,0,138.2
vofix_margsparse,magistrale2,bimono,run_02,marginalization=1 sparsification=1,0.07989981957301212,0.040015527032205116,0.10075140323601324,1.1926528294775303,1.0,,0.5555571391304196,0,0,138.2
vofix_margsparse,room1,bimono,run_00,marginalization=1 sparsification=1,0.18671152079054326,0.023879388696881675,0.058808411637439745,0.9048600620160253,1.0,,0.9815670650925321,0,0,52.1
vofix_margsparse,room1,bimono,run_01,marginalization=1 sparsification=1,0.12687661601068112,0.026482954491999115,0.0574085740315404,0.9260331476642999,1.0,,0.9829855042068506,0,0,52.1
vofix_margsparse,room1,bimono,run_02,marginalization=1 sparsification=1,0.1412947839246836,0.02579297208198838,0.059610945435540186,0.98198428921709,1.0,,0.9819216719121096,0,0,50.1
vofix_margsparse,room1,bimono,run_03,marginalization=1 sparsification=1,0.21068734728465136,0.02469051886994081,0.06239978170977212,0.9277282489983107,1.0,,0.9819216719121096,0,0,50.1
vofix_margsparse,room1,bimono,run_04,marginalization=1 sparsification=1,0.14530603214244237,0.024843814345849324,0.05955193195352454,0.9132076028332403,1.0,,0.980504139097883,0,0,52.1
vofix_margsparse,room1,bimono,run_05,marginalization=1 sparsification=1,0.2258746757935549,0.024868235042608558,0.06103549837962234,0.949686732506158,1.0,,0.9815670650925321,0,0,50.1
vofix_viomargtd,room1,bimonovio,run_00,estimate_td=1 marginalization=1,0.07902856312852936,0.014432868507146243,0.04127272938712157,0.6765130452797343,1.0,,0.980857846380802,0,0,64.1
vofix_viomargtd,room1,bimonovio,run_01,estimate_td=1 marginalization=1,0.07980847174591424,0.013283016125970307,0.03584975571325481,0.673423436115036,1.0,,0.9815670650925321,0,0,60.1
